value,portions_strict,null_markov_mean_strict,null_markov_sd_strict,null_shuffle_mean_strict,z_strict,p_null_ge_real_strict,portions_loose,null_markov_mean_loose,null_markov_sd_loose,null_shuffle_mean_loose,z_loose,p_null_ge_real_loose
1,0,0.787,0.819,0.410,-0.96,1.0000,0,0.170,0.376,0.100,-0.45,1.0000
2,0,0.473,0.625,21.187,-0.76,1.0000,0,0.160,0.385,44.000,-0.42,1.0000
3,46,40.943,2.880,33.497,1.76,0.0500,35,49.553,1.845,48.080,-7.89,1.0000
4,3,17.583,3.386,30.803,-4.31,1.0000,1,23.177,3.751,40.023,-5.91,1.0000
5,1,31.910,3.399,32.470,-9.09,1.0000,2,39.080,3.299,41.153,-11.24,1.0000
6,30,45.360,2.628,44.273,-5.84,1.0000,5,52.737,1.002,52.643,-47.64,1.0000
7,24,48.123,2.261,48.480,-10.67,1.0000,46,53.867,0.360,53.750,-21.88,1.0000
8,19,41.573,3.004,48.000,-7.52,1.0000,47,52.727,1.097,52.963,-5.22,1.0000
9,39,49.260,1.949,48.173,-5.26,1.0000,30,52.603,1.103,52.437,-20.49,1.0000
10,14,40.260,3.302,49.803,-7.95,1.0000,10,49.573,1.875,53.240,-21.10,1.0000
11,8,52.440,1.229,52.713,-36.15,1.0000,18,53.990,0.100,53.933,-361.11,1.0000
12,9,53.053,0.924,52.890,-47.69,1.0000,53,53.793,0.452,53.903,-1.75,0.9800
13,53,51.330,1.526,52.113,1.09,0.2467,46,52.870,0.974,53.477,-7.05,1.0000
14,53,50.490,1.839,52.110,1.37,0.1267,38,52.317,1.263,53.490,-11.34,1.0000
15,16,53.440,0.731,52.910,-51.19,1.0000,24,53.847,0.405,53.797,-73.77,1.0000
16,19,53.470,0.733,53.183,-47.01,1.0000,38,53.963,0.188,53.933,-84.80,1.0000
17,42,52.430,1.207,52.630,-8.64,1.0000,44,53.710,0.536,53.607,-18.13,1.0000
18,36,51.467,1.396,52.227,-11.08,1.0000,46,53.057,0.911,53.413,-7.75,1.0000
19,52,51.420,1.589,51.540,0.36,0.5167,49,51.577,1.492,52.360,-1.73,0.9667
20,47,50.480,1.626,53.163,-2.14,0.9867,44,52.137,1.234,53.497,-6.59,1.0000
21,35,53.577,0.663,52.833,-28.04,1.0000,39,53.893,0.309,53.690,-48.17,1.0000
22,25,51.407,1.403,52.463,-18.82,1.0000,42,53.460,0.705,53.510,-16.26,1.0000
23,38,48.070,2.151,49.907,-4.68,1.0000,28,51.140,1.497,52.200,-15.46,1.0000
24,37,46.897,2.165,50.133,-4.57,1.0000,33,48.873,1.938,51.350,-8.19,1.0000
25,39,52.907,0.987,51.567,-14.09,1.0000,46,51.997,1.323,52.930,-4.53,1.0000
26,54,50.780,1.592,51.323,2.02,0.0167,54,52.930,0.963,53.383,1.11,0.3100
27,19,46.167,2.554,47.060,-10.64,1.0000,33,51.783,1.432,51.883,-13.12,1.0000
28,26,38.233,3.444,47.723,-3.55,0.9967,30,46.043,2.369,50.867,-6.77,1.0000
29,17,36.563,3.223,42.353,-6.07,1.0000,24,40.467,2.980,47.127,-5.53,1.0000
30,52,41.950,3.021,50.733,3.33,0.0000,54,52.187,1.285,52.557,1.41,0.1333
31,46,52.623,1.149,49.620,-5.77,1.0000,54,53.967,0.180,53.520,0.19,0.9667
32,33,44.997,2.716,48.953,-4.42,1.0000,28,53.257,0.824,53.030,-30.63,1.0000
33,20,44.440,2.659,43.357,-9.19,1.0000,31,49.840,1.932,49.920,-9.75,1.0000
34,23,30.870,3.479,44.307,-2.26,0.9867,30,45.110,2.549,49.897,-5.93,1.0000
35,11,47.837,2.295,49.250,-16.05,1.0000,30,53.440,0.731,53.310,-32.05,1.0000
36,42,51.287,1.527,49.593,-6.08,1.0000,54,53.893,0.309,53.610,0.34,0.8933
37,20,47.497,2.425,45.187,-11.34,1.0000,53,53.473,0.701,52.437,-0.68,0.9067
38,13,40.987,2.985,45.557,-9.38,1.0000,34,52.043,1.257,51.783,-14.35,1.0000
39,14,44.787,2.649,40.830,-11.62,1.0000,35,49.193,1.917,48.473,-7.40,1.0000
40,26,44.950,2.768,51.690,-6.85,1.0000,47,53.070,0.888,53.570,-6.84,1.0000
41,39,53.430,0.721,51.950,-20.01,1.0000,51,53.923,0.267,53.793,-10.97,1.0000
42,27,48.553,2.142,51.750,-10.06,1.0000,45,53.240,0.859,53.640,-9.59,1.0000
43,27,44.643,2.507,48.133,-7.04,1.0000,42,50.657,1.725,51.810,-5.02,1.0000
44,40,43.437,2.534,49.247,-1.36,0.9367,41,49.543,1.963,51.787,-4.35,1.0000
45,31,51.417,1.473,52.163,-13.86,1.0000,46,53.780,0.475,53.717,-16.38,1.0000
46,49,51.980,1.405,52.477,-2.12,0.9833,47,53.877,0.329,53.907,-20.88,1.0000
47,12,49.487,1.759,50.553,-21.31,1.0000,53,53.410,0.724,53.340,-0.57,0.8733
48,21,47.587,2.254,50.853,-11.80,1.0000,33,51.593,1.508,53.047,-12.33,1.0000
49,30,48.933,2.048,48.247,-9.24,1.0000,47,50.147,1.808,51.140,-1.74,0.9733
50,54,53.890,0.344,53.553,0.32,0.9000,54,53.943,0.232,53.877,0.24,0.9433
51,39,53.840,0.402,53.117,-36.92,1.0000,47,53.893,0.309,53.763,-22.29,1.0000
52,51,52.997,0.923,52.983,-2.16,0.9900,54,53.803,0.430,53.683,0.46,0.8167
53,33,50.540,1.685,50.027,-10.41,1.0000,35,51.507,1.536,52.407,-10.75,1.0000
54,35,51.200,1.537,51.073,-10.54,1.0000,41,50.233,1.746,52.100,-5.29,1.0000
55,47,53.740,0.483,53.013,-13.96,1.0000,51,53.840,0.394,53.597,-7.22,1.0000
56,54,53.530,0.676,52.997,0.70,0.6200,53,53.957,0.204,53.843,-4.69,1.0000
57,41,52.397,1.237,50.660,-9.21,1.0000,47,53.527,0.636,53.300,-10.27,1.0000
58,33,52.730,1.105,51.207,-17.85,1.0000,54,52.867,1.039,52.713,1.09,0.3200
59,35,51.090,1.533,47.923,-10.50,1.0000,34,50.827,1.622,50.120,-10.37,1.0000
60,49,53.807,0.420,53.593,-11.44,1.0000,50,53.883,0.322,53.887,-12.08,1.0000
61,35,53.633,0.600,52.697,-31.05,1.0000,52,53.920,0.272,53.527,-7.07,1.0000
62,54,53.223,0.810,52.073,0.96,0.4233,54,53.707,0.491,53.323,0.60,0.7233
63,29,48.423,2.194,46.543,-8.85,1.0000,33,51.543,1.419,50.777,-13.06,1.0000
64,17,49.880,1.963,48.830,-16.75,1.0000,40,50.217,1.749,50.273,-5.84,1.0000
65,25,53.510,0.609,52.017,-46.80,1.0000,34,53.323,0.792,52.950,-24.39,1.0000
66,28,51.833,1.303,51.250,-18.29,1.0000,50,53.880,0.326,53.487,-11.92,1.0000
67,27,49.100,1.875,44.437,-11.79,1.0000,41,52.907,1.030,51.467,-11.56,1.0000
68,38,48.177,2.026,47.253,-5.02,1.0000,49,51.220,1.487,50.283,-1.49,0.9667
69,10,42.373,2.602,39.757,-12.44,1.0000,27,46.700,2.535,45.087,-7.77,1.0000
70,28,52.987,0.950,53.263,-26.30,1.0000,49,53.730,0.501,53.797,-9.44,1.0000
71,23,52.287,1.190,51.300,-24.61,1.0000,41,53.690,0.518,53.503,-24.51,1.0000
72,19,50.917,1.566,50.837,-20.39,1.0000,35,53.480,0.672,53.017,-27.51,1.0000
73,32,43.600,2.675,43.380,-4.34,1.0000,38,48.413,2.022,48.983,-5.15,1.0000
74,33,44.547,2.440,46.223,-4.73,1.0000,54,49.720,1.896,49.153,2.26,0.0033
75,45,51.523,1.413,51.333,-4.62,1.0000,48,53.440,0.717,53.293,-7.58,1.0000
76,39,51.407,1.479,51.260,-8.39,1.0000,54,53.817,0.388,53.720,0.47,0.8167
77,21,45.627,2.687,46.320,-9.17,1.0000,29,52.067,1.271,52.237,-18.16,1.0000
78,40,44.517,2.685,47.867,-1.68,0.9700,38,49.863,1.891,51.393,-6.27,1.0000
79,35,40.863,3.315,42.203,-1.77,0.9733,32,46.083,2.627,47.067,-5.36,1.0000
80,25,53.283,0.807,53.700,-35.03,1.0000,54,53.763,0.463,53.903,0.51,0.7800
81,40,52.827,1.074,52.487,-11.94,1.0000,48,53.687,0.556,53.537,-10.22,1.0000
82,28,49.267,2.006,52.003,-10.60,1.0000,38,52.460,1.146,53.163,-12.62,1.0000
83,19,40.090,3.064,45.893,-6.88,1.0000,34,46.933,2.557,50.023,-5.06,1.0000
84,32,45.230,2.330,49.123,-5.68,1.0000,44,46.610,2.603,50.023,-1.00,0.8800
85,23,51.487,1.480,52.347,-19.25,1.0000,43,53.007,0.940,53.283,-10.65,1.0000
86,50,50.387,1.618,52.117,-0.24,0.7233,51,53.580,0.587,53.683,-4.39,1.0000
87,30,42.747,2.787,47.133,-4.57,1.0000,40,50.577,1.657,52.083,-6.38,1.0000
88,30,43.603,2.571,49.137,-5.29,1.0000,38,48.593,2.056,51.163,-5.15,1.0000
89,29,38.507,3.101,43.250,-3.07,1.0000,26,43.800,2.643,46.610,-6.74,1.0000
90,53,53.050,0.947,53.697,-0.05,0.7533,54,53.550,0.675,53.847,0.67,0.6400
91,31,51.850,1.410,52.227,-14.79,1.0000,46,53.250,0.854,53.413,-8.49,1.0000
92,27,42.487,2.806,51.497,-5.52,1.0000,45,50.600,1.788,52.920,-3.13,1.0000
93,26,34.673,3.144,44.450,-2.76,1.0000,34,42.273,2.854,48.703,-2.90,1.0000
94,23,39.843,2.944,47.633,-5.72,1.0000,30,42.693,3.018,48.773,-4.21,1.0000
95,26,48.813,2.129,51.987,-10.71,1.0000,37,52.247,1.285,52.857,-11.86,1.0000
96,33,48.943,2.103,51.507,-7.58,1.0000,44,53.203,0.863,53.460,-10.67,1.0000
97,15,39.257,2.998,44.843,-8.09,1.0000,32,48.737,2.051,50.997,-8.16,1.0000
98,20,44.227,2.697,47.640,-8.98,1.0000,32,45.857,2.434,49.880,-5.69,1.0000
99,10,38.823,2.889,40.493,-9.98,1.0000,27,39.767,3.072,43.510,-4.16,1.0000
100,49,53.747,0.486,53.647,-9.76,1.0000,54,53.857,0.370,53.790,0.39,0.8633
101,47,51.823,1.383,51.443,-3.49,0.9967,44,53.127,0.879,53.160,-10.38,1.0000
102,32,49.303,2.018,50.997,-8.58,1.0000,44,52.597,1.134,52.443,-7.58,1.0000
103,39,37.260,3.490,42.320,0.50,0.3667,32,44.663,2.667,46.820,-4.75,1.0000
104,40,44.530,2.664,46.033,-1.70,0.9633,38,46.440,2.464,47.090,-3.42,1.0000
105,41,50.423,1.651,51.283,-5.71,1.0000,46,53.273,0.805,52.593,-9.04,1.0000
106,33,51.223,1.497,50.930,-12.17,1.0000,51,53.580,0.636,53.263,-4.05,1.0000
107,36,41.400,3.164,43.503,-1.71,0.9567,43,50.253,1.880,50.427,-3.86,1.0000
108,43,47.767,2.349,46.560,-2.03,0.9800,46,49.353,1.858,49.063,-1.80,0.9767
109,14,40.033,3.106,39.090,-8.38,1.0000,29,43.547,2.893,42.430,-5.03,1.0000
110,50,53.507,0.682,53.640,-5.14,1.0000,49,53.860,0.348,53.787,-13.98,1.0000
111,29,51.440,1.428,51.090,-15.71,1.0000,33,53.320,0.825,52.673,-24.64,1.0000
112,28,47.897,2.091,50.037,-9.51,1.0000,37,51.363,1.512,51.733,-9.50,1.0000
113,9,35.837,3.416,39.727,-7.86,1.0000,29,44.097,2.706,44.807,-5.58,1.0000
114,30,47.027,2.455,44.470,-6.94,1.0000,40,46.550,2.292,45.057,-2.86,1.0000
115,21,49.773,1.857,50.617,-15.50,1.0000,54,52.383,1.292,51.717,1.25,0.2100
116,25,48.797,2.227,49.347,-10.69,1.0000,53,53.017,0.923,52.860,-0.02,0.7467
117,17,37.307,3.321,38.690,-6.11,1.0000,27,47.450,2.448,48.053,-8.35,1.0000
118,44,43.060,2.879,43.930,0.33,0.4333,35,44.943,2.576,46.410,-3.86,1.0000
119,19,34.507,3.172,33.663,-4.89,1.0000,20,40.260,3.075,38.450,-6.59,1.0000
120,48,53.377,0.709,53.633,-7.58,1.0000,54,53.343,0.788,53.653,0.83,0.5033
121,25,45.617,2.527,49.037,-8.16,1.0000,38,51.247,1.506,52.080,-8.80,1.0000
122,9,46.420,2.574,47.603,-14.54,1.0000,33,48.657,2.145,50.157,-7.30,1.0000
123,26,27.677,3.717,33.340,-0.45,0.7500,29,35.350,3.481,40.813,-1.82,0.9700
124,35,37.087,3.135,39.897,-0.67,0.7833,41,40.540,2.994,41.663,0.15,0.5067
125,34,43.793,2.840,48.820,-3.45,1.0000,28,49.553,1.904,50.453,-11.32,1.0000
126,41,43.877,2.817,46.917,-1.02,0.8700,46,51.217,1.535,51.993,-3.40,1.0000
127,19,28.440,3.640,32.717,-2.59,0.9967,25,41.203,3.053,45.233,-5.31,1.0000
128,15,32.293,3.636,40.077,-4.76,1.0000,32,38.300,3.319,43.553,-1.90,0.9733
129,12,25.647,3.367,28.283,-4.05,1.0000,22,30.943,3.747,33.693,-2.39,0.9967
130,52,53.130,0.858,53.353,-1.32,0.9567,52,53.443,0.741,53.467,-1.95,0.9800
131,27,50.100,1.815,46.787,-12.73,1.0000,30,51.313,1.546,50.473,-13.79,1.0000
132,12,43.907,2.633,44.733,-12.12,1.0000,37,46.757,2.522,48.257,-3.87,1.0000
133,15,27.700,3.574,29.020,-3.55,1.0000,33,33.190,3.343,36.613,-0.06,0.6000
134,16,32.613,3.599,36.507,-4.62,1.0000,17,35.587,3.458,37.903,-5.38,1.0000
135,34,43.857,2.778,46.497,-3.55,0.9967,39,49.890,1.845,48.883,-5.90,1.0000
136,39,47.090,2.133,44.383,-3.79,1.0000,49,51.773,1.314,50.813,-2.11,0.9867
137,16,29.850,3.634,29.197,-3.81,1.0000,27,42.107,2.984,41.613,-5.06,1.0000
138,41,41.060,3.029,36.027,-0.02,0.5933,41,40.497,2.973,39.883,0.17,0.4967
139,14,28.563,3.555,24.113,-4.10,1.0000,21,31.637,3.698,29.467,-2.88,1.0000
140,54,53.447,0.694,53.257,0.80,0.5500,52,53.153,0.886,53.250,-1.30,0.9467
141,41,48.030,2.249,44.950,-3.13,1.0000,40,50.410,1.708,49.443,-6.09,1.0000
142,11,39.493,2.892,43.267,-9.85,1.0000,38,44.733,2.687,46.180,-2.51,0.9933
143,7,22.087,3.644,25.993,-4.14,1.0000,14,30.887,3.061,33.160,-5.52,1.0000
144,26,37.690,3.226,33.920,-3.62,1.0000,40,37.470,3.137,34.497,0.81,0.2500
145,27,41.310,3.098,45.060,-4.62,1.0000,37,48.737,2.117,47.173,-5.54,1.0000
146,43,44.180,2.934,42.623,-0.40,0.7000,50,50.870,1.642,49.720,-0.53,0.8267
147,15,25.057,3.517,26.673,-2.86,1.0000,22,37.710,3.322,39.073,-4.73,1.0000
148,25,39.563,3.256,34.567,-4.47,1.0000,31,37.870,3.514,36.957,-1.96,0.9767
149,3,25.640,3.371,22.730,-6.72,1.0000,22,29.733,3.286,26.463,-2.35,0.9933
150,42,52.810,1.057,53.037,-10.23,1.0000,43,52.237,1.337,52.843,-6.91,1.0000
151,31,37.907,3.621,41.827,-1.91,0.9733,30,45.987,2.560,47.403,-6.24,1.0000
152,22,36.997,3.254,39.460,-4.61,1.0000,34,41.887,2.961,43.287,-2.66,1.0000
153,4,16.593,3.322,22.153,-3.79,1.0000,24,25.793,3.559,29.053,-0.50,0.7467
154,12,32.917,3.840,30.227,-5.45,1.0000,17,33.310,3.514,30.347,-4.64,1.0000
155,28,35.417,3.674,41.217,-2.02,0.9767,39,44.487,2.589,44.303,-2.12,0.9800
156,38,37.563,3.356,38.413,0.13,0.5333,47,46.890,2.381,47.527,0.05,0.5567
157,25,20.113,3.423,22.163,1.43,0.0900,23,30.567,3.599,33.687,-2.10,0.9800
158,15,32.490,3.396,29.757,-5.15,1.0000,21,31.763,3.455,32.547,-3.12,1.0000
159,10,18.003,3.668,18.083,-2.18,1.0000,13,23.043,3.677,22.123,-2.73,0.9967
160,49,51.140,1.584,52.587,-1.35,0.9400,46,51.657,1.453,51.770,-3.89,1.0000
161,15,33.827,3.056,36.713,-6.16,1.0000,35,43.483,2.952,43.717,-2.87,0.9967
162,14,29.970,3.477,33.843,-4.59,1.0000,33,36.167,3.339,38.943,-0.95,0.8700
163,13,13.690,3.125,17.613,-0.22,0.6500,22,21.927,3.189,24.263,0.02,0.5600
164,8,21.533,3.672,24.397,-3.69,1.0000,18,25.960,3.709,25.647,-2.15,0.9867
165,21,27.377,3.262,35.553,-1.95,0.9767,35,40.090,3.160,40.100,-1.61,0.9633
166,19,32.200,3.306,32.770,-3.99,1.0000,43,43.817,2.889,43.777,-0.28,0.6767
167,25,13.050,3.017,16.790,3.96,0.0000,24,25.610,3.761,27.840,-0.43,0.7100
168,3,23.080,3.329,23.693,-6.03,1.0000,17,27.013,3.649,26.727,-2.74,1.0000
169,7,11.553,2.896,13.703,-1.57,0.9633,17,17.290,3.334,17.277,-0.09,0.5967
170,38,48.767,2.066,51.493,-5.21,1.0000,54,50.203,1.846,50.650,2.06,0.0133
171,5,26.583,3.338,32.897,-6.47,1.0000,12,36.380,3.352,40.323,-7.27,1.0000
172,13,27.360,3.714,30.620,-3.87,1.0000,23,33.203,3.536,35.023,-2.89,1.0000
173,1,9.193,2.694,14.620,-3.04,1.0000,11,16.060,3.173,20.113,-1.59,0.9700
174,3,24.280,3.572,21.393,-5.96,1.0000,8,24.893,3.558,22.113,-4.75,1.0000
175,5,22.303,3.403,32.977,-5.08,1.0000,26,36.260,3.414,37.190,-3.00,1.0000
176,10,30.150,3.597,30.087,-5.60,1.0000,35,40.627,2.926,41.067,-1.92,0.9833
177,4,12.777,3.154,15.257,-2.78,1.0000,10,21.403,3.245,25.307,-3.51,1.0000
178,6,22.957,3.591,22.120,-4.72,1.0000,13,24.047,3.586,24.190,-3.08,1.0000
179,2,11.983,2.908,12.343,-3.43,1.0000,8,16.613,3.280,14.920,-2.63,1.0000
180,37,49.150,1.978,50.633,-6.14,1.0000,43,48.610,2.115,49.133,-2.65,1.0000
181,12,23.530,3.700,29.473,-3.12,1.0000,12,32.620,3.239,36.460,-6.37,1.0000
182,20,22.580,3.354,26.863,-0.77,0.8167,20,28.080,3.508,30.627,-2.30,0.9967
183,1,7.880,2.509,12.207,-2.74,1.0000,1,13.973,3.145,16.857,-4.12,1.0000
184,15,19.983,3.302,18.147,-1.51,0.9300,20,21.360,3.254,18.587,-0.42,0.7233
185,9,19.983,3.488,29.257,-3.15,1.0000,19,32.487,3.268,33.100,-4.13,1.0000
186,38,24.937,3.500,25.940,3.73,0.0000,33,35.863,3.195,37.003,-0.90,0.8500
187,8,8.627,2.570,11.820,-0.24,0.6600,18,16.810,3.218,21.257,0.37,0.3900
188,7,20.577,3.776,18.283,-3.60,1.0000,21,20.403,3.567,19.550,0.17,0.4733
189,5,10.283,2.890,9.383,-1.83,0.9767,6,13.217,3.152,11.920,-2.29,0.9967
190,45,45.670,2.545,48.937,-0.26,0.6800,46,44.573,2.743,46.587,0.52,0.3833
191,6,20.117,3.431,24.263,-4.11,1.0000,35,27.473,3.545,31.477,2.12,0.0233
192,6,17.717,3.658,21.653,-3.20,1.0000,19,22.967,3.497,25.617,-1.13,0.9033
193,1,5.967,2.332,9.450,-2.13,0.9967,8,10.913,2.936,13.203,-0.99,0.8733
194,19,12.797,3.178,14.873,1.95,0.0433,18,15.213,3.236,14.620,0.86,0.2300
195,24,14.533,3.230,24.023,2.93,0.0100,21,26.150,3.572,27.930,-1.44,0.9367
196,8,20.780,3.573,21.073,-3.58,1.0000,24,30.643,3.633,31.833,-1.83,0.9767
197,3,6.930,2.463,9.037,-1.60,0.9833,20,13.330,2.908,16.683,2.29,0.0233
198,3,16.927,3.503,14.467,-3.98,1.0000,8,16.603,3.224,15.440,-2.67,1.0000
199,5,6.643,2.111,7.507,-0.78,0.8367,9,9.583,2.670,9.317,-0.22,0.6300
200,40,44.660,2.638,46.600,-1.77,0.9800,38,42.200,2.961,43.383,-1.42,0.9367
201,9,47.603,2.350,41.443,-16.42,1.0000,16,50.713,1.645,50.327,-21.10,1.0000
202,32,49.620,1.880,43.900,-9.37,1.0000,29,50.987,1.569,48.327,-14.01,1.0000
203,30,49.447,1.872,35.217,-10.39,1.0000,25,42.963,2.893,35.323,-6.21,1.0000
204,19,40.120,3.193,37.913,-6.62,1.0000,13,34.820,3.474,38.553,-6.28,1.0000
205,32,43.417,2.580,47.043,-4.42,1.0000,29,48.743,2.070,51.263,-9.54,1.0000
206,50,48.547,2.122,48.783,0.68,0.3600,51,51.767,1.460,52.847,-0.52,0.8267
207,32,48.200,2.122,46.083,-7.64,1.0000,39,49.873,1.795,48.890,-6.06,1.0000
208,35,46.663,2.331,45.410,-5.00,1.0000,36,48.473,2.002,48.053,-6.23,1.0000
209,24,46.027,2.625,42.183,-8.39,1.0000,33,43.450,2.774,41.447,-3.77,1.0000
210,43,52.290,1.251,53.177,-7.43,1.0000,45,51.527,1.389,53.243,-4.70,1.0000
211,36,52.610,1.117,51.450,-14.86,1.0000,40,50.937,1.414,51.467,-7.73,1.0000
212,28,51.340,1.494,50.260,-15.62,1.0000,40,50.083,1.742,50.810,-5.79,1.0000
213,16,45.283,2.622,42.797,-11.17,1.0000,28,44.310,2.941,45.183,-5.55,1.0000
214,39,43.417,2.877,45.730,-1.54,0.9400,31,41.353,3.083,43.940,-3.36,1.0000
215,21,51.123,1.580,50.407,-19.07,1.0000,38,47.673,2.328,49.227,-4.16,1.0000
216,52,49.353,1.924,49.173,1.38,0.1167,43,50.340,1.797,50.940,-4.09,1.0000
217,27,44.160,2.718,39.863,-6.31,1.0000,36,46.323,2.453,45.547,-4.21,1.0000
218,30,41.677,2.947,43.490,-3.96,1.0000,36,42.387,2.763,42.990,-2.31,0.9900
219,17,35.050,3.543,34.130,-5.10,1.0000,44,34.763,3.513,35.487,2.63,0.0067
220,36,50.103,1.741,52.573,-8.10,1.0000,44,48.903,2.117,51.843,-2.32,0.9933
221,24,47.873,2.278,43.010,-10.48,1.0000,21,46.247,2.280,46.940,-11.08,1.0000
222,28,42.080,2.844,39.643,-4.95,1.0000,48,42.657,2.827,43.517,1.89,0.0400
223,9,28.600,3.717,26.993,-5.27,1.0000,22,31.823,3.210,33.063,-3.06,1.0000
224,36,25.993,3.618,30.823,2.77,0.0100,31,28.827,3.510,32.223,0.62,0.3367
225,14,39.787,3.012,39.500,-8.56,1.0000,36,36.577,3.368,41.583,-0.17,0.6367
226,11,34.787,3.644,36.567,-6.53,1.0000,41,40.137,3.050,45.040,0.28,0.4467
227,35,24.090,3.424,21.157,3.19,0.0000,38,30.177,3.406,33.203,2.30,0.0033
228,29,22.923,3.651,27.287,1.66,0.0800,33,26.353,3.581,30.780,1.86,0.0400
229,0,14.453,3.240,17.153,-4.46,1.0000,15,17.813,3.334,21.827,-0.84,0.8533
230,22,42.803,2.990,50.503,-6.96,1.0000,33,43.293,2.863,51.890,-3.60,1.0000
231,3,33.213,3.412,38.073,-8.86,1.0000,12,40.610,2.977,44.827,-9.61,1.0000
232,22,27.537,3.535,35.933,-1.57,0.9633,20,38.690,3.182,40.710,-5.87,1.0000
233,24,19.240,3.425,19.487,1.39,0.1133,22,28.030,3.827,27.243,-1.58,0.9600
234,13,15.397,3.175,26.340,-0.75,0.8233,12,21.943,3.606,28.263,-2.76,1.0000
235,5,26.627,3.528,38.417,-6.13,1.0000,20,33.933,3.736,42.813,-3.73,1.0000
236,8,29.483,3.261,36.047,-6.59,1.0000,26,39.717,3.193,46.800,-4.30,1.0000
237,9,18.017,3.421,21.127,-2.64,1.0000,8,31.880,3.573,35.990,-6.68,1.0000
238,15,19.257,3.418,27.463,-1.25,0.9033,29,29.937,3.430,33.550,-0.27,0.6567
239,12,12.987,3.008,18.043,-0.33,0.6967,31,21.837,3.455,24.313,2.65,0.0133
240,29,49.043,2.010,52.127,-9.97,1.0000,34,51.093,1.602,52.820,-10.67,1.0000
241,53,51.403,1.506,44.643,1.06,0.2233,34,48.230,2.217,47.880,-6.42,1.0000
242,4,40.763,3.057,42.963,-12.03,1.0000,18,41.220,2.880,45.100,-8.06,1.0000
243,20,29.620,3.614,26.023,-2.66,1.0000,17,31.597,3.512,32.170,-4.16,1.0000
244,4,27.513,3.530,34.550,-6.66,1.0000,20,26.500,3.526,32.780,-1.84,0.9767
245,16,37.643,3.068,45.707,-7.05,1.0000,25,44.163,2.825,46.263,-6.78,1.0000
246,36,42.017,3.162,43.843,-1.90,0.9767,36,47.107,2.431,49.483,-4.57,1.0000
247,26,33.423,3.354,29.813,-2.21,0.9867,29,40.147,3.001,40.547,-3.71,1.0000
248,35,35.927,3.408,36.400,-0.27,0.6633,42,34.710,3.534,37.423,2.06,0.0333
249,9,29.067,3.360,25.047,-5.97,1.0000,20,28.420,3.899,28.020,-2.16,0.9767
250,21,53.470,0.630,52.867,-51.53,1.0000,20,50.020,1.744,52.457,-17.21,1.0000
251,47,50.460,1.687,44.323,-2.05,0.9867,36,48.160,2.085,47.813,-5.83,1.0000
252,14,44.523,2.549,42.203,-11.97,1.0000,27,43.850,2.997,44.487,-5.62,1.0000
253,19,31.233,3.474,26.237,-3.52,1.0000,24,31.720,3.755,31.557,-2.06,0.9867
254,17,31.503,3.843,34.003,-3.77,1.0000,26,28.963,3.728,32.783,-0.79,0.7967
255,27,45.003,2.537,43.987,-7.10,1.0000,18,43.750,2.740,44.563,-9.40,1.0000
256,44,41.163,3.060,42.217,0.93,0.2467,42,46.943,2.319,47.930,-2.13,0.9867
257,40,33.417,3.590,26.220,1.83,0.0433,48,36.987,3.427,36.683,3.21,0.0000
258,17,34.890,3.502,33.750,-5.11,1.0000,18,34.427,3.389,34.443,-4.85,1.0000
259,31,24.130,3.586,22.247,1.92,0.0367,35,25.090,3.397,24.617,2.92,0.0033
260,26,50.227,1.848,51.710,-13.11,1.0000,34,46.893,2.495,50.340,-5.17,1.0000
261,8,38.900,3.173,35.150,-9.74,1.0000,31,42.063,2.978,42.753,-3.71,1.0000
262,10,33.233,3.429,31.747,-6.78,1.0000,32,37.380,3.345,38.020,-1.61,0.9533
263,2,18.910,3.410,17.910,-4.96,1.0000,31,25.363,3.781,24.130,1.49,0.0900
264,28,18.083,3.287,23.150,3.02,0.0033,21,22.593,3.596,25.147,-0.44,0.7367
265,16,32.307,3.252,32.620,-5.01,1.0000,18,34.680,3.467,37.000,-4.81,1.0000
266,17,25.737,3.489,29.427,-2.50,0.9967,28,38.270,3.516,40.923,-2.92,0.9967
267,12,16.877,3.516,14.440,-1.39,0.9433,13,25.713,3.783,25.787,-3.36,1.0000
268,5,17.483,3.330,21.153,-3.75,1.0000,13,22.733,3.630,24.093,-2.68,1.0000
269,6,9.250,2.700,11.253,-1.20,0.9100,19,15.040,3.263,15.453,1.21,0.1667
270,44,46.550,2.379,50.820,-1.07,0.8833,36,48.183,2.294,51.080,-5.31,1.0000
271,8,41.260,3.057,36.157,-10.88,1.0000,52,41.410,2.941,41.640,3.60,0.0000
272,45,42.367,2.694,34.183,0.98,0.2133,40,39.027,3.344,36.327,0.29,0.4667
273,23,25.060,3.552,16.960,-0.58,0.7633,17,23.363,3.720,21.490,-1.71,0.9700
274,8,23.473,3.485,24.677,-4.44,1.0000,23,22.870,3.362,23.577,0.04,0.5500
275,21,33.173,3.529,37.500,-3.45,1.0000,30,36.413,3.243,39.777,-1.98,0.9700
276,24,34.600,3.529,34.947,-3.00,1.0000,36,41.157,2.835,44.123,-1.82,0.9667
277,41,27.700,3.416,19.867,3.89,0.0000,30,30.940,3.616,30.427,-0.26,0.6533
278,33,23.710,3.490,26.863,2.66,0.0000,41,27.920,3.596,28.343,3.64,0.0000
279,0,16.630,3.372,16.760,-4.93,1.0000,24,18.977,3.413,19.367,1.47,0.1067
280,45,50.167,1.797,51.993,-2.87,0.9967,41,48.127,2.179,50.750,-3.27,1.0000
281,13,44.590,2.818,37.330,-11.21,1.0000,28,41.440,2.988,42.397,-4.50,1.0000
282,21,35.030,3.481,34.720,-4.03,1.0000,25,34.387,3.284,37.893,-2.86,1.0000
283,19,20.423,3.857,17.907,-0.37,0.6833,21,21.583,3.725,23.043,-0.16,0.6233
284,12,20.927,3.521,24.907,-2.54,0.9967,13,20.117,3.698,24.927,-1.92,0.9800
285,15,32.663,3.635,36.940,-4.86,1.0000,32,33.940,3.477,39.057,-0.56,0.7267
286,9,31.890,3.489,33.823,-6.56,1.0000,34,38.967,3.140,42.947,-1.58,0.9500
287,14,19.303,3.371,18.010,-1.57,0.9600,20,25.043,3.624,27.937,-1.39,0.9467
288,14,22.523,3.527,25.260,-2.42,1.0000,19,23.167,3.524,26.433,-1.18,0.9000
289,15,15.523,3.270,14.893,-0.16,0.6400,19,15.860,3.440,17.507,0.91,0.2167
290,35,50.690,1.636,51.450,-9.59,1.0000,34,47.157,2.293,49.513,-5.74,1.0000
291,49,46.003,2.473,34.060,1.21,0.1467,37,40.150,3.202,38.703,-0.98,0.8767
292,11,39.543,3.175,31.450,-8.99,1.0000,19,36.530,3.392,33.410,-5.17,1.0000
293,5,23.603,3.592,15.193,-5.18,1.0000,39,22.480,3.434,19.507,4.81,0.0000
294,19,19.470,3.493,21.983,-0.13,0.6167,25,18.497,3.554,20.930,1.83,0.0600
295,11,32.277,3.319,33.540,-6.41,1.0000,16,35.053,3.328,35.250,-5.73,1.0000
296,16,34.210,3.697,30.580,-4.92,1.0000,49,40.897,3.182,39.277,2.55,0.0067
297,15,24.577,3.588,15.643,-2.67,1.0000,28,29.950,3.549,23.943,-0.55,0.7333
298,29,29.303,3.338,22.473,-0.09,0.5933,20,27.233,3.573,22.583,-2.02,0.9867
299,7,18.803,3.392,12.470,-3.48,1.0000,21,18.407,3.659,13.900,0.71,0.2900
300,43,51.403,1.569,50.573,-5.36,1.0000,37,48.007,2.258,48.867,-4.88,1.0000
301,44,49.510,1.905,44.420,-2.89,0.9967,38,53.393,0.758,50.840,-20.32,1.0000
302,49,47.637,2.157,45.483,0.63,0.3667,39,49.523,1.953,48.737,-5.39,1.0000
303,11,40.430,3.036,35.827,-9.69,1.0000,35,42.810,2.746,36.327,-2.84,1.0000
304,17,35.453,3.439,39.397,-5.37,1.0000,36,33.993,3.359,38.853,0.60,0.3367
305,25,48.860,1.941,48.067,-12.29,1.0000,27,51.380,1.533,51.260,-15.90,1.0000
306,46,49.577,1.770,49.327,-2.02,0.9833,50,52.973,1.047,52.797,-2.84,0.9967
307,29,43.487,2.793,45.157,-5.19,1.0000,37,50.363,1.748,48.740,-7.65,1.0000
308,44,42.830,2.769,45.617,0.42,0.4033,46,45.940,2.751,47.707,0.02,0.5833
309,28,36.807,3.119,41.087,-2.82,1.0000,19,38.717,2.876,41.117,-6.86,1.0000
310,37,53.557,0.659,53.443,-25.11,1.0000,41,53.083,0.875,53.323,-13.81,1.0000
311,54,52.817,1.007,50.903,1.18,0.2667,53,52.353,1.238,51.770,0.52,0.4767
312,43,50.360,1.833,49.820,-4.01,1.0000,44,50.593,1.664,50.537,-3.96,1.0000
313,19,37.160,3.177,41.750,-5.72,1.0000,32,42.210,3.067,44.223,-3.33,1.0000
314,21,42.990,2.816,45.130,-7.81,1.0000,41,39.323,3.128,43.567,0.54,0.3933
315,15,52.260,1.232,50.003,-30.25,1.0000,23,49.803,1.830,49.320,-14.65,1.0000
316,3,48.783,2.144,48.687,-21.35,1.0000,34,52.077,1.284,51.117,-14.07,1.0000
317,38,38.120,3.187,38.043,-0.04,0.5767,50,45.997,2.402,45.397,1.67,0.0667
318,39,37.970,3.180,42.633,0.32,0.4567,43,39.740,3.022,42.820,1.08,0.1833
319,13,30.693,3.417,32.890,-5.18,1.0000,20,31.307,3.585,34.613,-3.15,1.0000
320,29,51.497,1.500,52.917,-15.00,1.0000,32,49.440,1.965,52.267,-8.88,1.0000
321,16,44.787,2.477,42.710,-11.62,1.0000,21,48.703,2.102,47.867,-13.18,1.0000
322,42,36.383,3.246,39.897,1.73,0.0600,39,41.510,3.088,44.253,-0.81,0.8200
323,31,20.193,3.494,25.890,3.09,0.0033,38,28.950,3.771,32.203,2.40,0.0067
324,15,23.453,3.658,31.047,-2.31,0.9967,30,25.643,3.646,32.193,1.19,0.1467
325,1,40.510,3.151,39.833,-12.54,1.0000,22,38.493,3.298,42.800,-5.00,1.0000
326,5,30.740,3.515,37.277,-7.32,1.0000,17,40.900,3.031,45.887,-7.89,1.0000
327,12,17.143,3.495,20.533,-1.47,0.9567,27,29.643,3.480,33.663,-0.76,0.8367
328,20,17.960,3.370,28.043,0.61,0.3300,27,23.640,3.719,31.610,0.90,0.2200
329,6,11.077,2.811,16.660,-1.81,0.9833,20,15.807,3.242,21.830,1.29,0.1233
330,19,51.693,1.416,51.720,-23.08,1.0000,31,51.460,1.461,52.160,-14.00,1.0000
331,22,46.453,2.300,38.010,-10.63,1.0000,39,50.043,1.822,45.453,-6.06,1.0000
332,17,33.953,3.752,36.257,-4.52,1.0000,16,42.263,2.627,41.197,-10.00,1.0000
333,7,19.440,3.692,19.163,-3.37,1.0000,20,27.677,3.710,27.793,-2.07,0.9900
334,3,20.193,3.446,26.337,-4.99,1.0000,12,22.840,3.576,28.733,-3.03,1.0000
335,4,39.917,3.040,38.717,-11.82,1.0000,9,42.980,2.735,43.300,-12.43,1.0000
336,8,37.953,3.218,35.863,-9.31,1.0000,25,47.383,2.137,47.050,-10.48,1.0000
337,11,19.810,3.447,20.983,-2.56,1.0000,27,37.823,3.289,35.780,-3.29,1.0000
338,27,28.513,3.575,27.530,-0.42,0.7067,26,31.053,3.500,33.397,-1.44,0.9467
339,11,15.967,3.290,16.860,-1.51,0.9567,13,21.753,3.399,23.893,-2.58,1.0000
340,49,53.290,0.834,52.523,-5.15,1.0000,47,53.267,0.835,52.860,-7.50,1.0000
341,21,51.273,1.643,43.973,-18.42,1.0000,31,51.503,1.604,47.963,-12.78,1.0000
342,11,40.700,3.191,42.247,-9.31,1.0000,36,44.440,2.641,44.493,-3.20,1.0000
343,6,25.193,3.475,24.770,-5.52,1.0000,11,31.113,3.597,31.107,-5.59,1.0000
344,7,33.787,3.381,33.173,-7.92,1.0000,16,29.043,3.507,32.247,-3.72,1.0000
345,42,47.330,2.246,44.573,-2.37,0.9933,53,49.303,1.937,46.227,1.91,0.0367
346,19,44.957,2.450,43.157,-10.60,1.0000,40,50.870,1.664,49.320,-6.53,1.0000
347,7,28.347,3.452,28.280,-6.18,1.0000,24,42.397,2.910,39.643,-6.32,1.0000
348,42,36.420,3.227,34.967,1.73,0.0467,31,35.453,3.477,37.240,-1.28,0.9333
349,9,26.937,3.444,23.873,-5.21,1.0000,8,27.857,3.439,27.220,-5.77,1.0000
350,42,53.873,0.353,52.947,-33.67,1.0000,38,52.763,1.095,52.527,-13.49,1.0000
351,31,48.973,1.920,43.487,-9.36,1.0000,38,50.673,1.686,47.440,-7.52,1.0000
352,28,47.910,2.128,40.963,-9.35,1.0000,26,45.593,2.432,43.820,-8.06,1.0000
353,27,27.273,3.466,24.717,-0.08,0.5900,30,31.607,3.706,30.633,-0.43,0.7200
354,17,35.423,3.417,32.157,-5.39,1.0000,37,30.147,3.819,31.710,1.79,0.0400
355,42,49.463,1.905,42.953,-3.92,1.0000,41,47.860,2.176,44.333,-3.15,0.9933
356,20,43.650,2.892,40.697,-8.18,1.0000,36,50.097,1.869,47.483,-7.54,1.0000
357,10,28.087,3.724,24.733,-4.86,1.0000,35,39.327,3.069,35.870,-1.41,0.9500
358,23,36.720,3.319,32.380,-4.13,1.0000,25,33.787,3.719,33.660,-2.36,0.9967
359,14,22.200,3.584,20.597,-2.29,0.9933,21,24.120,3.623,23.283,-0.86,0.8367
360,52,53.270,0.812,51.900,-1.56,0.9733,48,51.253,1.663,50.530,-1.96,0.9833
361,32,41.023,3.079,34.230,-2.93,1.0000,35,47.023,2.533,41.997,-4.75,1.0000
362,15,39.253,3.173,30.760,-7.64,1.0000,24,41.133,3.190,37.480,-5.37,1.0000
363,4,16.963,3.252,16.417,-3.99,1.0000,17,24.880,3.660,23.590,-2.15,0.9967
364,8,22.890,3.581,22.433,-4.16,1.0000,13,23.903,3.558,24.623,-3.06,1.0000
365,9,39.010,3.298,31.697,-9.10,1.0000,30,40.837,2.949,37.360,-3.67,1.0000
366,28,31.000,3.608,27.933,-0.83,0.8067,37,43.750,2.840,40.470,-2.38,0.9967
367,2,15.207,3.259,13.707,-4.05,1.0000,18,27.703,3.754,24.917,-2.59,0.9967
368,11,20.487,3.365,20.037,-2.82,1.0000,19,23.863,3.863,23.970,-1.26,0.9200
369,0,9.540,2.822,10.653,-3.38,1.0000,9,14.740,3.166,14.903,-1.81,0.9833
370,39,52.867,1.009,51.080,-13.74,1.0000,29,52.443,1.157,51.003,-20.27,1.0000
371,14,37.723,3.403,34.537,-6.97,1.0000,17,44.143,2.481,40.797,-10.94,1.0000
372,40,43.307,2.660,32.473,-1.24,0.9133,38,41.340,2.993,35.653,-1.12,0.9100
373,2,19.303,3.435,15.410,-5.04,1.0000,10,21.957,3.278,20.763,-3.65,1.0000
374,2,28.203,3.474,22.873,-7.54,1.0000,10,24.960,3.517,22.300,-4.25,1.0000
375,44,42.177,2.860,35.873,0.64,0.3300,43,44.387,2.966,39.077,-0.47,0.7500
376,44,37.363,3.374,33.347,1.97,0.0233,44,45.670,2.390,43.423,-0.70,0.8233
377,22,18.927,3.360,18.410,0.91,0.2067,26,30.423,4.001,29.490,-1.11,0.8967
378,8,23.720,3.576,25.400,-4.40,1.0000,26,27.380,3.666,27.433,-0.38,0.7200
379,0,13.987,3.100,15.130,-4.51,1.0000,5,18.213,3.434,18.120,-3.85,1.0000
380,49,52.987,0.961,51.913,-4.15,1.0000,49,51.333,1.448,50.733,-1.61,0.9667
381,4,40.607,3.113,35.097,-11.76,1.0000,30,45.447,2.664,41.417,-5.80,1.0000
382,13,31.520,3.361,32.900,-5.51,1.0000,32,35.013,3.613,35.987,-0.83,0.8333
383,1,13.543,3.303,16.220,-3.80,1.0000,14,19.710,3.160,21.917,-1.81,0.9867
384,0,23.407,3.532,23.523,-6.63,1.0000,8,21.530,3.617,23.250,-3.74,1.0000
385,36,37.777,3.369,34.907,-0.53,0.7633,44,41.080,2.927,38.117,1.00,0.2167
386,30,31.060,3.548,31.690,-0.30,0.6800,38,42.467,2.790,41.810,-1.60,0.9467
387,4,13.580,3.153,16.597,-3.04,1.0000,9,25.410,3.473,26.713,-4.72,1.0000
388,12,23.130,3.470,23.197,-3.21,1.0000,15,22.617,3.593,25.220,-2.12,0.9867
389,9,14.283,3.299,13.233,-1.60,0.9633,6,16.290,3.156,16.067,-3.26,1.0000
390,44,52.263,1.107,51.077,-7.47,1.0000,29,48.750,1.904,49.403,-10.37,1.0000
391,16,32.550,3.420,31.673,-4.84,1.0000,18,38.413,3.237,37.247,-6.31,1.0000
392,20,24.390,3.200,28.940,-1.37,0.9433,42,29.090,3.579,32.050,3.61,0.0000
393,7,9.320,2.809,13.517,-0.83,0.8467,14,15.027,3.361,17.613,-0.31,0.6633
394,2,16.023,3.273,20.063,-4.28,1.0000,8,16.190,3.416,19.373,-2.40,1.0000
395,27,26.850,3.396,30.963,0.04,0.5700,41,34.757,3.145,33.930,1.99,0.0367
396,3,25.580,3.873,28.530,-5.83,1.0000,9,35.967,3.461,37.760,-7.79,1.0000
397,1,9.777,2.830,13.857,-3.10,1.0000,26,19.577,3.508,22.867,1.83,0.0500
398,27,19.233,3.157,20.317,2.46,0.0067,28,18.607,3.068,21.103,3.06,0.0067
399,8,8.913,2.444,11.290,-0.37,0.7133,7,11.377,3.164,12.833,-1.38,0.9533
400,44,51.237,1.433,51.333,-5.05,1.0000,47,49.213,1.876,50.783,-1.18,0.9200
401,30,45.400,2.467,46.737,-6.24,1.0000,54,53.913,0.282,51.653,0.31,0.9133
402,30,44.057,2.875,47.380,-4.89,1.0000,28,48.133,2.203,50.157,-9.14,1.0000
403,32,36.940,3.222,36.737,-1.53,0.9533,16,41.977,3.007,39.373,-8.64,1.0000
404,38,35.237,3.443,41.630,0.80,0.2800,39,33.090,3.552,41.840,1.66,0.0667
405,15,42.553,2.941,49.733,-9.37,1.0000,38,47.720,2.146,52.230,-4.53,1.0000
406,14,45.767,2.598,50.473,-12.23,1.0000,52,53.677,0.566,53.373,-2.96,0.9967
407,19,43.847,2.749,46.213,-9.04,1.0000,53,53.277,0.907,50.663,-0.30,0.8467
408,24,45.830,2.557,47.063,-8.54,1.0000,42,50.307,1.704,49.873,-4.88,1.0000
409,46,43.240,2.683,42.810,1.03,0.2133,43,48.003,2.247,44.403,-2.23,0.9900
410,50,53.640,0.552,53.603,-6.59,1.0000,47,53.330,0.823,53.640,-7.70,1.0000
411,20,52.580,1.102,51.353,-29.57,1.0000,29,53.450,0.695,52.543,-35.20,1.0000
412,45,49.503,1.833,50.137,-2.46,1.0000,45,52.813,1.034,51.723,-7.56,1.0000
413,31,38.283,3.234,42.600,-2.25,0.9933,41,47.857,2.200,47.110,-3.12,1.0000
414,26,45.200,2.662,45.430,-7.21,1.0000,38,46.023,2.488,46.483,-3.22,1.0000
415,44,50.333,1.712,50.000,-3.70,1.0000,41,50.837,1.740,50.753,-5.65,1.0000
416,25,49.730,1.976,48.970,-12.52,1.0000,32,53.100,0.864,52.013,-24.43,1.0000
417,19,39.923,3.194,38.237,-6.55,1.0000,30,51.487,1.572,47.510,-13.67,1.0000
418,39,45.753,2.363,42.920,-2.86,0.9933,39,45.823,2.567,45.250,-2.66,1.0000
419,9,34.663,3.325,32.940,-7.72,1.0000,16,40.200,3.098,37.933,-7.81,1.0000
420,52,52.983,0.952,52.970,-1.03,0.9233,48,51.743,1.474,52.887,-2.54,0.9867
421,26,47.193,2.252,42.707,-9.41,1.0000,37,51.440,1.562,49.300,-9.24,1.0000
422,34,39.523,3.087,39.823,-1.79,0.9767,36,47.830,2.224,46.080,-5.32,1.0000
423,13,24.207,3.502,25.673,-3.20,1.0000,24,37.533,3.075,35.587,-4.40,1.0000
424,15,28.053,3.606,31.153,-3.62,1.0000,21,34.243,3.324,34.767,-3.98,1.0000
425,22,40.217,3.058,39.627,-5.96,1.0000,19,41.903,2.808,44.807,-8.16,1.0000
426,45,36.547,3.215,36.720,2.63,0.0067,46,47.623,2.277,47.560,-0.71,0.8267
427,2,19.800,3.524,20.210,-5.05,1.0000,13,38.573,3.318,36.443,-7.71,1.0000
428,20,24.690,3.532,27.407,-1.33,0.9267,42,30.403,3.477,33.587,3.34,0.0000
429,26,14.123,3.092,16.177,3.84,0.0000,16,21.717,3.488,24.227,-1.64,0.9767
430,42,51.073,1.504,52.020,-6.03,1.0000,38,50.887,1.698,52.733,-7.59,1.0000
431,11,44.033,2.668,38.270,-12.38,1.0000,22,51.727,1.446,47.433,-20.55,1.0000
432,14,29.507,3.549,36.177,-4.37,1.0000,29,44.860,2.541,43.950,-6.24,1.0000
433,2,18.260,3.485,18.867,-4.67,1.0000,15,28.700,3.664,30.330,-3.74,1.0000
434,22,17.983,3.251,26.323,1.24,0.1367,28,24.983,3.684,31.513,0.82,0.2333
435,21,31.917,3.738,39.050,-2.92,0.9967,36,38.350,3.128,45.790,-0.75,0.8200
436,13,33.393,3.309,36.133,-6.16,1.0000,19,48.760,1.943,49.127,-15.32,1.0000
437,8,20.303,3.538,20.847,-3.48,1.0000,15,45.180,2.508,38.610,-12.03,1.0000
438,18,28.367,3.693,27.757,-2.81,1.0000,26,36.873,3.513,36.630,-3.10,1.0000
439,14,17.630,3.532,16.990,-1.03,0.8700,17,29.030,3.286,26.677,-3.66,1.0000
440,40,51.930,1.414,52.897,-8.44,1.0000,42,52.080,1.316,53.313,-7.66,1.0000
441,28,47.410,2.348,44.590,-8.27,1.0000,52,52.817,1.030,49.823,-0.79,0.8900
442,6,34.140,3.352,42.947,-8.39,1.0000,29,45.470,2.428,47.327,-6.78,1.0000
443,17,20.123,3.429,24.997,-0.91,0.8533,25,32.700,3.644,34.030,-2.11,0.9867
444,20,28.580,3.822,33.533,-2.25,0.9933,21,31.717,3.663,35.490,-2.93,1.0000
445,24,35.600,3.564,45.330,-3.25,1.0000,23,44.347,2.578,48.397,-8.28,1.0000
446,38,42.610,2.568,43.387,-1.80,0.9633,37,51.450,1.383,50.860,-10.45,1.0000
447,32,25.387,3.731,28.580,1.77,0.0300,41,47.007,2.325,42.577,-2.58,0.9933
448,17,37.207,3.217,35.710,-6.28,1.0000,25,39.730,2.988,40.140,-4.93,1.0000
449,9,23.120,3.688,23.717,-3.83,1.0000,24,32.657,3.449,30.743,-2.51,0.9933
450,44,53.620,0.603,53.100,-15.96,1.0000,36,52.480,1.129,53.010,-14.60,1.0000
451,37,47.380,2.362,43.963,-4.39,1.0000,40,52.930,0.932,49.540,-13.88,1.0000
452,19,43.870,2.637,41.520,-9.43,1.0000,39,46.987,2.437,46.393,-3.28,1.0000
453,7,24.817,3.495,25.030,-5.10,1.0000,15,35.670,3.236,34.173,-6.39,1.0000
454,25,32.550,3.290,32.513,-2.29,0.9933,23,32.860,3.500,35.123,-2.82,1.0000
455,25,41.933,3.092,43.283,-5.48,1.0000,28,45.380,2.610,46.973,-6.66,1.0000
456,41,45.443,2.400,40.813,-1.85,0.9800,49,51.863,1.460,49.520,-1.96,0.9733
457,25,28.440,3.632,24.610,-0.95,0.8733,40,46.650,2.429,38.973,-2.74,1.0000
458,35,43.317,2.698,32.780,-3.08,0.9933,32,40.853,3.014,36.930,-2.94,1.0000
459,2,23.827,3.579,20.757,-6.10,1.0000,15,32.010,3.528,26.550,-4.82,1.0000
460,45,52.960,0.967,52.193,-8.23,1.0000,36,50.767,1.588,51.810,-9.30,1.0000
461,14,40.320,3.358,34.050,-7.84,1.0000,38,50.700,1.809,45.090,-7.02,1.0000
462,27,35.133,3.660,30.807,-2.22,0.9833,30,43.973,2.590,40.550,-5.40,1.0000
463,13,16.973,3.109,16.443,-1.28,0.9300,20,29.987,3.484,26.383,-2.87,1.0000
464,4,23.740,3.313,21.950,-5.96,1.0000,23,28.703,3.542,27.443,-1.61,0.9667
465,14,33.953,3.417,31.917,-5.84,1.0000,24,39.397,3.248,39.863,-4.74,1.0000
466,28,33.660,3.509,28.023,-1.61,0.9600,42,47.320,2.203,43.423,-2.41,0.9933
467,5,15.717,3.328,13.463,-3.22,1.0000,17,35.047,3.493,27.687,-5.17,1.0000
468,24,27.133,3.404,20.017,-0.92,0.8600,31,29.437,3.506,26.510,0.45,0.3867
469,2,10.607,2.966,10.557,-2.90,1.0000,17,19.427,3.305,16.863,-0.73,0.7867
470,27,50.977,1.544,51.600,-15.53,1.0000,23,50.547,1.783,52.233,-15.45,1.0000
471,19,34.600,3.482,35.340,-4.48,1.0000,27,48.157,2.110,43.800,-10.03,1.0000
472,6,35.057,3.412,33.347,-8.52,1.0000,32,38.820,3.281,39.407,-2.08,0.9900
473,11,16.160,3.438,15.533,-1.50,0.9633,22,23.920,3.711,23.667,-0.52,0.7333
474,31,24.087,3.630,23.603,1.90,0.0467,31,24.680,3.631,25.423,1.74,0.0567
475,15,27.820,3.833,36.813,-3.34,1.0000,27,37.433,3.246,42.613,-3.21,1.0000
476,25,37.413,2.909,33.650,-4.27,1.0000,31,46.870,2.318,46.353,-6.85,1.0000
477,3,16.677,3.518,18.360,-3.89,1.0000,8,35.310,3.155,32.530,-8.66,1.0000
478,11,25.690,3.640,25.883,-4.04,1.0000,18,30.317,3.600,30.937,-3.42,1.0000
479,17,11.943,3.242,15.440,1.56,0.0800,26,19.413,3.465,20.717,1.90,0.0400
480,29,51.490,1.533,52.307,-14.67,1.0000,28,49.603,1.856,51.883,-11.64,1.0000
481,18,35.990,3.195,35.587,-5.63,1.0000,39,46.317,2.512,44.393,-2.91,1.0000
482,12,27.560,3.633,32.823,-4.28,1.0000,26,35.550,3.450,39.697,-2.77,0.9967
483,11,12.873,3.031,16.390,-0.62,0.7500,10,20.740,3.689,24.877,-2.91,0.9967
484,22,20.603,3.392,23.940,0.41,0.3867,22,22.027,3.452,26.383,-0.01,0.5600
485,15,27.107,3.545,35.677,-3.42,1.0000,21,35.027,3.750,41.353,-3.74,1.0000
486,15,31.713,3.358,32.500,-4.98,1.0000,22,43.277,3.012,44.607,-7.06,1.0000
487,4,13.113,3.093,16.493,-2.95,1.0000,15,29.390,3.582,29.717,-4.02,1.0000
488,37,25.287,3.637,23.410,3.22,0.0000,33,26.273,3.706,28.390,1.81,0.0367
489,8,11.417,3.029,13.517,-1.13,0.9100,15,16.860,3.069,18.543,-0.61,0.7833
490,33,49.850,1.820,51.670,-9.26,1.0000,33,47.170,2.164,50.927,-6.55,1.0000
491,42,33.227,3.571,31.940,2.46,0.0067,25,43.440,2.691,40.583,-6.85,1.0000
492,6,23.460,3.725,29.410,-4.69,1.0000,11,31.137,3.351,35.627,-6.01,1.0000
493,8,10.507,2.665,14.003,-0.94,0.8900,11,18.370,3.554,20.783,-2.07,0.9900
494,19,15.077,2.874,20.407,1.37,0.1167,28,17.873,3.529,22.773,2.87,0.0033
495,18,21.360,3.631,31.877,-0.93,0.8633,21,31.120,3.522,37.610,-2.87,1.0000
496,15,30.100,3.645,28.577,-4.14,1.0000,27,40.363,3.112,41.297,-4.29,1.0000
497,10,12.040,3.147,13.547,-0.65,0.7833,28,26.787,3.627,25.333,0.33,0.4300
498,26,22.703,3.332,20.557,0.99,0.2033,17,23.413,3.492,24.267,-1.84,0.9733
499,4,9.727,2.717,11.380,-2.11,0.9933,9,15.583,3.218,14.947,-2.05,0.9800
500,48,51.870,1.428,52.230,-2.71,1.0000,41,52.327,1.270,52.543,-8.92,1.0000
501,45,46.647,2.369,42.937,-0.69,0.8067,54,52.367,1.193,44.930,1.37,0.1767
502,38,45.210,2.530,41.467,-2.85,1.0000,28,46.067,2.425,40.550,-7.45,1.0000
503,12,27.800,3.563,23.183,-4.43,1.0000,26,36.150,3.553,24.997,-2.86,0.9967
504,17,31.657,3.273,32.257,-4.48,1.0000,27,29.727,3.855,27.480,-0.71,0.7933
505,26,40.697,3.148,44.423,-4.67,1.0000,25,44.337,2.893,44.037,-6.68,1.0000
506,39,43.310,2.787,43.087,-1.55,0.9533,45,50.423,1.711,48.127,-3.17,1.0000
507,11,27.263,3.500,28.343,-4.65,1.0000,43,44.713,2.847,36.447,-0.60,0.7967
508,46,38.153,3.135,35.390,2.50,0.0167,42,39.193,3.098,34.420,0.91,0.2200
509,5,21.070,3.780,23.330,-4.25,1.0000,19,30.373,3.662,24.633,-3.11,0.9967
510,35,52.883,1.010,52.763,-17.71,1.0000,26,51.520,1.372,51.377,-18.60,1.0000
511,25,42.023,2.849,37.480,-5.98,1.0000,35,49.780,1.810,44.167,-8.17,1.0000
512,18,36.233,3.278,34.243,-5.56,1.0000,25,42.147,2.872,39.540,-5.97,1.0000
513,11,17.667,3.552,19.317,-1.88,0.9667,19,28.720,3.537,25.700,-2.75,0.9967
514,25,26.177,3.431,25.037,-0.34,0.6900,31,29.387,3.550,27.040,0.45,0.4133
515,19,35.253,3.569,34.813,-4.55,1.0000,20,41.240,2.979,39.260,-7.13,1.0000
516,26,32.470,3.353,31.100,-1.93,0.9700,34,46.750,2.214,42.137,-5.76,1.0000
517,2,14.973,3.022,14.710,-4.29,1.0000,10,32.290,3.335,26.603,-6.68,1.0000
518,14,24.017,3.531,22.103,-2.84,0.9933,23,29.083,3.364,25.373,-1.81,0.9767
519,7,10.927,3.210,11.970,-1.22,0.9233,12,18.440,3.446,16.180,-1.87,0.9767
520,37,49.250,1.997,50.450,-6.13,1.0000,33,45.893,2.371,49.367,-5.44,1.0000
521,11,23.197,3.810,24.813,-3.20,1.0000,49,38.713,3.179,36.063,3.24,0.0000
522,1,21.030,3.332,21.800,-6.01,1.0000,22,28.430,3.577,30.133,-1.80,0.9833
523,4,7.217,2.456,9.050,-1.31,0.9467,2,15.987,3.287,15.810,-4.26,1.0000
524,13,11.900,2.838,13.900,0.39,0.4233,17,16.897,3.423,17.567,0.03,0.5533
525,10,17.903,3.358,23.457,-2.35,0.9967,12,27.250,3.382,31.863,-4.51,1.0000
526,19,19.617,3.303,19.900,-0.19,0.6333,23,33.260,3.551,35.487,-2.89,1.0000
527,3,6.083,2.273,7.483,-1.36,0.9800,14,17.723,3.572,18.670,-1.04,0.8833
528,5,11.970,2.773,13.327,-2.51,0.9967,19,16.277,3.450,18.303,0.79,0.2500
529,6,4.080,2.027,6.280,0.95,0.2067,9,9.147,2.691,10.413,-0.05,0.5600
530,30,46.910,2.198,49.330,-7.69,1.0000,29,44.830,2.732,47.943,-5.79,1.0000
531,17,23.887,3.639,21.617,-1.89,0.9833,29,41.780,3.134,32.590,-4.08,1.0000
532,4,16.173,3.155,18.993,-3.86,1.0000,15,27.647,3.494,26.970,-3.62,1.0000
533,0,6.003,2.372,6.707,-2.53,1.0000,7,14.307,3.314,12.947,-2.20,0.9933
534,4,8.900,2.724,11.980,-1.80,0.9767,10,13.480,3.027,15.503,-1.15,0.9000
535,11,14.930,3.060,21.643,-1.28,0.9267,16,25.853,3.749,30.500,-2.63,0.9933
536,29,21.397,3.606,18.370,2.11,0.0167,35,34.803,3.378,34.340,0.06,0.5500
537,2,6.290,2.118,6.897,-2.03,0.9967,12,20.687,3.425,17.343,-2.54,0.9967
538,22,15.757,3.009,12.607,2.07,0.0333,20,19.303,3.629,17.070,0.19,0.4733
539,6,5.257,2.138,5.727,0.35,0.4400,5,11.053,2.920,10.123,-2.07,0.9900
540,34,50.980,1.588,50.330,-10.69,1.0000,32,48.813,2.126,47.900,-7.91,1.0000
541,50,33.973,3.739,24.097,4.29,0.0000,50,43.667,2.697,32.873,2.35,0.0100
542,6,22.893,3.503,22.143,-4.82,1.0000,18,30.143,3.697,27.127,-3.28,1.0000
543,6,9.033,2.779,7.697,-1.09,0.9100,17,15.943,3.553,12.917,0.30,0.4367
544,3,14.667,3.177,14.117,-3.67,1.0000,22,17.247,3.562,15.487,1.33,0.1133
545,18,20.923,3.864,24.953,-0.76,0.8300,16,33.283,3.492,30.637,-4.95,1.0000
546,23,25.453,3.488,21.647,-0.70,0.7800,35,38.803,3.108,34.633,-1.22,0.9333
547,7,8.903,2.639,8.743,-0.72,0.8233,20,22.467,3.541,17.737,-0.70,0.7900
548,18,18.650,3.649,14.740,-0.18,0.6133,21,21.410,3.386,17.537,-0.12,0.5867
549,0,7.203,2.554,7.097,-2.82,1.0000,5,13.043,2.976,9.917,-2.70,1.0000
550,33,49.977,1.891,48.670,-8.98,1.0000,24,47.313,2.186,45.850,-10.67,1.0000
551,22,22.657,3.634,20.130,-0.18,0.6300,21,36.813,3.303,28.590,-4.79,1.0000
552,3,21.830,3.618,18.107,-5.20,1.0000,18,27.543,3.597,23.480,-2.65,1.0000
553,3,6.833,2.535,6.603,-1.51,0.9633,10,13.833,3.065,10.957,-1.25,0.9233
554,3,12.420,3.027,11.703,-3.11,0.9967,6,14.737,3.021,12.770,-2.89,1.0000
555,10,18.987,3.802,20.070,-2.36,0.9900,12,27.637,3.835,25.940,-4.08,1.0000
556,14,18.230,3.275,16.817,-1.29,0.9400,23,33.187,3.557,29.430,-2.86,0.9967
557,20,6.603,2.383,6.273,5.62,0.0000,3,17.313,3.247,13.880,-4.41,1.0000
558,3,14.213,2.969,11.707,-3.78,1.0000,13,16.943,3.442,13.680,-1.15,0.9100
559,8,4.457,2.113,5.037,1.68,0.0833,10,9.217,2.857,7.603,0.27,0.4167
560,17,40.473,2.969,42.540,-7.91,1.0000,16,40.517,3.019,40.613,-8.12,1.0000
561,4,11.813,2.955,12.763,-2.64,1.0000,11,27.193,3.297,21.477,-4.91,1.0000
562,3,10.677,2.919,10.660,-2.63,1.0000,22,18.777,3.484,16.230,0.93,0.1967
563,3,3.040,1.658,3.830,-0.02,0.5967,7,8.843,2.577,7.407,-0.72,0.8267
564,1,5.020,2.123,6.377,-1.89,0.9967,7,9.393,2.924,8.707,-0.82,0.8333
565,2,8.230,2.460,11.657,-2.53,1.0000,5,17.447,3.477,18.013,-3.58,1.0000
566,7,9.823,2.688,9.737,-1.05,0.8767,16,22.317,3.527,20.913,-1.79,0.9867
567,2,2.357,1.453,3.077,-0.25,0.6867,4,9.547,3.059,8.513,-1.81,0.9833
568,1,6.100,2.244,6.247,-2.27,1.0000,9,10.090,2.744,8.850,-0.40,0.7133
569,4,1.600,1.224,2.367,1.96,0.0667,3,4.807,1.898,4.633,-0.95,0.9133
570,41,45.707,2.501,43.533,-1.88,0.9767,41,43.977,2.854,40.303,-1.04,0.8767
571,1,17.850,3.527,13.840,-4.78,1.0000,14,29.963,3.522,20.860,-4.53,1.0000
572,5,20.563,3.750,12.447,-4.15,1.0000,10,24.103,3.595,15.910,-3.92,1.0000
573,1,5.597,2.277,3.993,-2.02,0.9933,1,9.733,2.739,6.467,-3.19,1.0000
574,0,9.533,2.804,7.280,-3.40,1.0000,1,12.397,3.055,8.107,-3.73,1.0000
575,26,14.363,3.383,14.820,3.44,0.0000,28,22.893,3.666,19.610,1.39,0.1033
576,11,14.910,3.316,12.147,-1.18,0.9033,21,27.660,3.762,22.880,-1.77,0.9667
577,1,5.740,2.268,4.213,-2.09,1.0000,7,12.847,3.142,9.613,-1.86,0.9833
578,6,9.100,2.745,7.787,-1.13,0.9067,12,13.030,3.036,9.780,-0.34,0.6933
579,0,3.350,1.779,3.593,-1.88,1.0000,1,6.363,2.370,5.040,-2.26,1.0000
580,36,44.927,2.736,41.473,-3.26,1.0000,29,41.057,3.099,38.050,-3.89,1.0000
581,4,16.820,3.335,11.423,-3.84,1.0000,14,26.590,3.625,18.813,-3.47,1.0000
582,3,12.027,3.157,10.280,-2.86,1.0000,12,17.213,3.195,13.917,-1.63,0.9667
583,0,3.687,1.820,3.433,-2.03,1.0000,0,7.407,2.450,5.947,-3.02,1.0000
584,3,7.067,2.550,6.327,-1.59,0.9733,12,8.930,2.696,7.010,1.14,0.1767
585,5,10.937,2.866,11.973,-2.07,0.9933,10,18.140,3.326,16.120,-2.45,0.9933
586,12,10.770,2.937,9.390,0.42,0.3767,22,21.937,3.649,19.107,0.02,0.5367
587,0,3.027,1.615,3.063,-1.87,1.0000,5,8.953,2.778,7.350,-1.42,0.9600
588,4,7.410,2.450,6.077,-1.39,0.9633,5,9.717,2.703,7.710,-1.74,0.9800
589,1,2.597,1.672,2.473,-0.95,0.9267,2,4.977,2.189,3.727,-1.36,0.9667
590,32,40.377,2.948,38.110,-2.84,1.0000,24,37.130,3.327,33.587,-3.95,1.0000
591,4,13.567,3.249,9.183,-2.94,1.0000,6,25.623,3.549,14.473,-5.53,1.0000
592,1,9.907,2.823,8.150,-3.15,1.0000,10,14.910,3.359,10.907,-1.46,0.9533
593,0,2.660,1.693,2.447,-1.57,1.0000,2,6.237,2.220,4.443,-1.91,0.9933
594,5,4.457,1.860,4.820,0.29,0.4733,4,6.290,2.320,5.440,-0.99,0.9200
595,3,8.277,2.721,9.423,-1.94,0.9833,8,15.330,3.468,13.067,-2.11,0.9867
596,10,10.783,2.720,7.637,-0.29,0.6667,22,19.913,3.317,15.143,0.63,0.3067
597,0,2.277,1.393,2.323,-1.63,1.0000,5,9.190,2.580,5.563,-1.62,0.9867
598,1,6.337,2.434,4.953,-2.19,1.0000,1,8.913,2.723,5.853,-2.91,1.0000
599,1,1.787,1.309,2.010,-0.60,0.8433,0,4.357,1.848,3.120,-2.36,1.0000
600,36,42.740,2.833,48.673,-2.38,0.9900,29,41.143,3.045,50.320,-3.99,1.0000
601,25,39.870,3.297,39.553,-4.51,1.0000,11,41.757,2.873,37.177,-10.71,1.0000
602,7,37.337,3.329,38.463,-9.11,1.0000,13,34.747,3.688,33.293,-5.90,1.0000
603,6,22.140,3.596,19.367,-4.49,1.0000,2,25.237,3.670,18.677,-6.33,1.0000
604,21,18.913,3.391,28.810,0.62,0.3100,11,16.393,3.315,20.937,-1.63,0.9667
605,15,30.297,3.378,42.350,-4.53,1.0000,12,29.730,3.448,39.987,-5.14,1.0000
606,32,32.257,3.324,40.777,-0.08,0.5933,40,40.770,2.916,45.273,-0.26,0.7100
607,24,25.127,3.690,27.280,-0.31,0.6833,19,35.913,3.373,34.250,-5.01,1.0000
608,14,29.003,3.661,33.473,-4.10,1.0000,17,29.650,3.388,31.473,-3.73,1.0000
609,12,18.823,3.335,23.003,-2.05,0.9867,14,23.550,3.346,22.277,-2.85,1.0000
610,31,50.057,1.851,51.290,-10.30,1.0000,27,43.483,2.917,47.683,-5.65,1.0000
611,30,36.113,3.407,33.240,-1.79,0.9667,22,40.200,3.006,39.957,-6.05,1.0000
612,26,28.890,3.392,29.997,-0.85,0.8433,28,33.000,3.480,35.210,-1.44,0.9400
613,5,14.960,3.242,17.447,-3.07,1.0000,9,22.020,3.708,22.800,-3.51,1.0000
614,21,17.607,3.273,21.780,1.04,0.1733,7,19.607,3.349,23.043,-3.76,1.0000
615,5,29.543,3.598,29.667,-6.82,1.0000,17,28.803,3.709,32.250,-3.18,1.0000
616,17,24.327,3.567,25.520,-2.05,0.9867,31,34.297,3.288,35.113,-1.00,0.8867
617,12,12.430,3.233,11.923,-0.13,0.6067,21,22.467,3.572,20.943,-0.41,0.7300
618,5,16.330,3.270,18.073,-3.47,1.0000,10,18.910,3.413,19.470,-2.61,1.0000
619,9,7.927,2.653,9.157,0.40,0.4133,4,11.970,2.962,12.493,-2.69,1.0000
620,39,39.313,3.152,43.503,-0.10,0.6133,29,34.970,3.357,40.613,-1.78,0.9633
621,13,16.697,3.249,15.587,-1.14,0.9033,15,26.927,3.515,25.080,-3.39,1.0000
622,12,12.447,2.878,13.297,-0.16,0.6500,19,19.380,3.325,20.490,-0.11,0.6000
623,3,4.573,2.159,5.293,-0.73,0.8400,5,10.083,2.897,10.133,-1.75,0.9767
624,4,5.543,2.144,8.103,-0.72,0.8400,6,9.263,2.771,11.147,-1.18,0.9300
625,3,11.280,3.052,13.593,-2.71,1.0000,8,15.447,3.171,20.353,-2.35,0.9933
626,9,9.270,2.891,11.127,-0.09,0.6033,21,19.587,3.439,23.700,0.41,0.3833
627,11,3.283,1.679,3.713,4.60,0.0000,7,9.987,2.806,10.923,-1.06,0.9033
628,5,5.690,2.244,7.223,-0.31,0.6833,7,8.707,2.808,10.257,-0.61,0.7633
629,0,1.817,1.325,2.940,-1.37,1.0000,1,4.637,2.091,5.853,-1.74,0.9933
630,31,31.927,3.376,42.293,-0.27,0.6433,26,31.310,3.628,41.310,-1.46,0.9433
631,4,12.807,3.129,14.297,-2.81,1.0000,5,23.443,3.817,25.047,-4.83,1.0000
632,4,7.853,2.419,12.453,-1.59,0.9800,10,15.823,3.295,19.900,-1.77,0.9700
633,3,3.237,1.710,3.833,-0.14,0.6533,15,7.283,2.517,8.360,3.07,0.0033
634,0,3.730,1.755,7.673,-2.13,1.0000,3,6.180,2.267,10.703,-1.40,0.9467
635,16,7.970,2.535,14.943,3.17,0.0067,14,13.603,3.233,23.493,0.12,0.5000
636,6,7.847,2.616,12.140,-0.71,0.8233,16,18.197,3.423,27.240,-0.64,0.7867
637,4,2.903,1.680,4.417,0.65,0.3367,18,9.700,2.828,13.257,2.94,0.0033
638,0,5.243,2.154,8.223,-2.43,1.0000,3,9.313,2.825,12.883,-2.23,1.0000
639,0,1.840,1.299,3.707,-1.42,1.0000,2,5.420,2.076,7.123,-1.65,0.9800
640,21,47.803,2.385,47.860,-11.24,1.0000,14,40.080,2.915,44.407,-8.95,1.0000
641,36,26.733,3.490,20.313,2.65,0.0000,24,37.513,3.201,28.337,-4.22,1.0000
642,0,16.647,3.518,17.923,-4.73,1.0000,7,22.883,3.643,22.787,-4.36,1.0000
643,2,5.940,2.116,6.130,-1.86,0.9900,10,11.047,2.946,10.220,-0.36,0.7033
644,0,8.950,2.762,11.143,-3.24,1.0000,1,9.820,2.715,12.517,-3.25,1.0000
645,6,16.433,3.537,21.447,-2.95,1.0000,15,23.687,3.461,26.720,-2.51,1.0000
646,6,18.753,3.363,18.293,-3.79,1.0000,8,30.493,3.465,31.023,-6.49,1.0000
647,8,7.083,2.412,7.307,0.38,0.4200,35,18.277,3.385,15.293,4.94,0.0000
648,12,13.370,3.121,12.523,-0.44,0.7067,3,15.473,3.422,14.900,-3.65,1.0000
649,2,5.600,2.268,5.967,-1.59,0.9700,3,9.293,2.850,8.370,-2.21,1.0000
650,31,47.383,2.358,46.187,-6.95,1.0000,20,37.630,3.224,42.477,-5.47,1.0000
651,32,20.803,3.502,17.700,3.20,0.0000,30,29.077,3.775,26.103,0.24,0.4667
652,5,18.263,3.311,15.717,-4.01,1.0000,7,20.463,3.371,20.387,-3.99,1.0000
653,2,5.730,2.423,5.390,-1.54,0.9667,4,10.330,2.922,9.543,-2.17,1.0000
654,3,7.943,2.621,9.340,-1.89,0.9967,4,9.503,2.835,11.340,-1.94,0.9867
655,3,16.717,3.612,17.680,-3.80,1.0000,22,19.357,3.598,22.907,0.73,0.2900
656,15,14.297,3.178,15.117,0.22,0.4700,23,24.137,3.576,26.187,-0.32,0.6733
657,1,6.263,2.396,5.520,-2.20,0.9967,10,13.297,3.126,12.060,-1.05,0.8933
658,3,10.780,3.076,9.957,-2.53,1.0000,9,11.870,3.047,12.177,-0.94,0.8633
659,1,3.670,1.911,4.433,-1.40,0.9733,3,6.617,2.372,6.513,-1.52,0.9700
660,19,34.897,3.445,35.777,-4.61,1.0000,6,30.447,3.416,35.010,-7.16,1.0000
661,2,9.317,2.597,8.923,-2.82,1.0000,10,19.247,3.825,17.367,-2.42,0.9900
662,6,7.850,2.603,7.563,-0.71,0.8233,8,12.993,2.905,13.320,-1.72,0.9633
663,2,2.487,1.522,2.653,-0.32,0.7300,1,6.260,2.453,5.980,-2.14,0.9933
664,0,3.310,1.786,4.557,-1.85,1.0000,3,6.047,2.301,6.820,-1.32,0.9633
665,7,7.097,2.444,8.347,-0.04,0.5567,15,10.977,2.753,13.653,1.46,0.1100
666,6,5.930,2.177,6.457,0.03,0.6067,10,14.420,3.324,15.840,-1.33,0.9533
667,2,1.760,1.286,2.037,0.19,0.5200,9,6.277,2.508,6.423,1.09,0.1633
668,3,3.550,1.961,4.117,-0.28,0.6900,8,6.187,2.276,6.290,0.80,0.2633
669,0,0.880,0.998,1.580,-0.88,1.0000,3,3.043,1.706,3.290,-0.03,0.6133
670,30,38.313,3.531,40.340,-2.35,0.9833,21,30.153,3.762,37.110,-2.43,0.9967
671,1,12.110,2.749,11.983,-4.04,1.0000,3,20.883,3.667,18.410,-4.88,1.0000
672,19,15.220,3.101,10.727,1.22,0.1567,10,14.253,2.963,14.213,-1.44,0.9567
673,3,3.877,1.873,3.293,-0.47,0.7567,4,6.100,2.343,5.427,-0.90,0.8767
674,1,6.010,2.264,6.430,-2.21,1.0000,13,6.347,2.287,6.867,2.91,0.0100
675,13,9.900,2.811,13.177,1.10,0.1867,4,13.960,3.362,18.297,-2.96,1.0000
676,17,11.440,2.857,10.760,1.95,0.0267,23,18.137,3.535,21.323,1.38,0.1133
677,11,4.483,1.885,3.883,3.46,0.0000,9,9.183,2.745,8.907,-0.07,0.5900
678,5,6.517,2.363,7.090,-0.64,0.8067,12,8.613,2.660,9.077,1.27,0.1367
679,3,2.437,1.556,2.960,0.36,0.4167,3,4.293,1.916,4.517,-0.67,0.8333
680,34,40.243,3.127,39.197,-2.00,0.9700,29,31.013,3.420,35.907,-0.59,0.7767
681,17,13.323,2.989,10.960,1.23,0.1567,24,20.873,3.620,17.817,0.86,0.2767
682,10,9.043,2.760,9.580,0.35,0.4133,13,11.130,2.933,13.177,0.64,0.3333
683,2,2.960,1.769,3.087,-0.54,0.7833,5,5.213,2.296,5.800,-0.09,0.6033
684,1,4.620,2.034,5.823,-1.78,0.9900,2,5.383,2.292,6.927,-1.48,0.9700
685,4,8.683,2.575,10.830,-1.82,0.9867,7,12.420,2.907,15.247,-1.86,0.9867
686,8,9.850,2.784,8.843,-0.66,0.8267,20,15.667,3.235,17.973,1.34,0.1033
687,1,2.753,1.678,2.900,-1.04,0.9367,10,7.180,2.625,7.187,1.07,0.1767
688,6,6.067,2.402,5.563,-0.03,0.5633,13,6.903,2.428,7.543,2.51,0.0067
689,1,2.250,1.366,2.383,-0.91,0.9167,2,3.653,1.951,3.900,-0.85,0.8833
690,20,35.210,3.374,35.990,-4.51,1.0000,13,26.237,3.506,31.623,-3.77,1.0000
691,6,10.623,2.526,8.890,-1.83,0.9933,6,18.157,3.639,14.213,-3.34,1.0000
692,8,7.577,2.419,7.580,0.18,0.5100,7,10.367,2.841,10.800,-1.18,0.9233
693,3,2.173,1.343,2.490,0.62,0.3900,4,4.893,2.239,4.280,-0.40,0.7167
694,0,3.107,1.677,4.407,-1.85,1.0000,3,4.047,1.884,5.160,-0.56,0.7633
695,6,5.870,2.290,8.937,0.06,0.5367,7,9.720,2.682,12.610,-1.01,0.9000
696,5,8.913,2.538,7.350,-1.54,0.9567,11,14.420,3.362,14.763,-1.02,0.8800
697,2,2.513,1.531,2.343,-0.34,0.7267,3,7.147,2.461,5.627,-1.68,0.9800
698,11,6.207,2.476,4.670,1.94,0.0667,11,6.930,2.345,5.547,1.74,0.0667
699,0,1.897,1.269,1.980,-1.49,1.0000,1,3.720,1.768,3.003,-1.54,0.9800
700,29,44.520,2.685,47.763,-5.78,1.0000,17,38.227,3.271,47.827,-6.49,1.0000
701,44,31.933,3.532,32.620,3.42,0.0000,29,40.657,3.081,32.620,-3.78,1.0000
702,39,29.770,3.512,31.420,2.63,0.0133,24,26.820,3.643,27.847,-0.77,0.8300
703,10,12.527,3.179,13.623,-0.79,0.8233,5,17.433,3.306,14.573,-3.76,1.0000
704,3,15.217,3.344,21.637,-3.65,1.0000,15,11.450,2.972,16.573,1.19,0.1767
705,10,24.113,3.570,35.663,-3.95,1.0000,18,24.350,3.416,34.650,-1.86,0.9833
706,10,30.640,3.278,33.610,-6.30,1.0000,13,37.867,3.304,40.430,-7.53,1.0000
707,11,14.747,3.156,19.733,-1.19,0.9033,28,30.467,3.226,27.563,-0.76,0.8233
708,31,25.043,3.333,25.370,1.79,0.0367,34,23.227,3.697,25.583,2.91,0.0000
709,14,10.817,2.819,16.857,1.13,0.1633,18,16.000,3.318,17.153,0.60,0.3133
710,29,49.477,2.001,48.390,-10.23,1.0000,27,39.623,3.157,44.367,-4.00,1.0000
711,4,30.643,3.465,25.393,-7.69,1.0000,16,37.420,3.287,33.320,-6.52,1.0000
712,24,22.233,3.571,22.017,0.49,0.3867,19,27.120,3.723,28.870,-2.18,0.9900
713,7,8.603,2.776,11.723,-0.58,0.7800,16,15.687,2.980,17.477,0.11,0.5133
714,2,14.200,3.126,15.347,-3.90,1.0000,12,14.157,3.220,17.870,-0.67,0.8033
715,7,23.403,3.597,21.593,-4.56,1.0000,12,22.860,3.363,26.453,-3.23,1.0000
716,6,20.180,3.321,19.133,-4.27,1.0000,14,30.810,3.601,29.297,-4.67,1.0000
717,11,7.393,2.612,7.893,1.38,0.1300,3,18.127,3.388,16.110,-4.47,1.0000
718,8,13.633,3.318,12.473,-1.70,0.9700,16,13.960,3.441,14.913,0.59,0.2767
719,3,5.050,2.187,5.890,-0.94,0.8667,5,8.097,2.581,9.300,-1.20,0.9433
720,8,35.787,3.288,37.977,-8.45,1.0000,6,28.090,3.371,36.580,-6.55,1.0000
721,0,11.983,2.902,10.797,-4.13,1.0000,7,20.497,3.565,20.323,-3.79,1.0000
722,8,7.897,2.665,9.327,0.04,0.5467,14,13.670,3.086,16.197,0.11,0.5467
723,3,2.750,1.605,3.687,0.16,0.5233,10,6.607,2.494,7.553,1.36,0.1300
724,12,3.790,1.881,5.903,4.36,0.0000,5,6.347,2.363,8.437,-0.57,0.7800
725,4,7.990,2.564,9.767,-1.56,0.9733,1,10.977,2.854,16.103,-3.50,1.0000
726,1,6.710,2.546,7.693,-2.24,1.0000,6,14.153,3.101,18.903,-2.63,1.0000
727,0,1.717,1.255,2.653,-1.37,1.0000,2,6.490,2.394,8.503,-1.88,0.9967
728,8,3.527,1.796,4.837,2.49,0.0133,12,5.697,2.349,7.770,2.68,0.0133
729,0,0.957,0.986,1.980,-0.97,1.0000,0,2.820,1.658,4.287,-1.70,1.0000
730,17,32.253,3.344,36.757,-4.56,1.0000,23,26.590,3.894,37.170,-0.92,0.8500
731,3,11.350,2.901,9.767,-2.88,1.0000,19,23.233,3.434,19.400,-1.23,0.9300
732,10,6.033,2.188,8.850,1.81,0.0600,13,11.853,2.935,14.887,0.39,0.3667
733,0,2.237,1.438,2.607,-1.56,1.0000,1,4.763,2.217,6.090,-1.70,0.9967
734,2,2.903,1.680,5.210,-0.54,0.7933,7,4.130,1.849,7.783,1.55,0.0967
735,2,7.443,2.501,10.617,-2.18,1.0000,3,10.620,2.847,18.423,-2.68,1.0000
736,3,8.510,2.727,8.517,-2.02,0.9933,12,16.063,3.372,21.897,-1.21,0.9267
737,3,2.073,1.379,2.837,0.67,0.3267,12,8.797,2.579,9.643,1.24,0.1433
738,12,6.260,2.303,5.533,2.49,0.0233,16,7.663,2.558,9.497,3.26,0.0000
739,0,1.467,1.140,2.293,-1.29,1.0000,3,4.057,1.797,5.117,-0.59,0.7867
740,26,45.040,2.710,43.010,-7.03,1.0000,14,35.710,3.357,39.820,-6.47,1.0000
741,5,19.063,3.571,14.210,-3.94,1.0000,6,33.560,3.523,23.010,-7.82,1.0000
742,5,11.293,2.934,12.913,-2.14,0.9933,6,16.717,3.350,17.807,-3.20,1.0000
743,1,3.563,1.729,4.073,-1.48,0.9767,8,7.747,2.584,7.260,0.10,0.5167
744,8,7.050,2.424,7.867,0.39,0.4033,13,6.917,2.461,9.367,2.47,0.0200
745,4,11.353,2.989,15.410,-2.46,1.0000,12,18.113,3.409,21.137,-1.79,0.9767
746,16,15.927,3.386,12.497,0.02,0.5200,23,26.873,3.452,24.700,-1.12,0.9033
747,6,3.960,1.875,4.533,1.09,0.2033,3,14.027,3.149,11.387,-3.50,1.0000
748,22,11.730,3.153,8.483,3.26,0.0033,19,11.677,3.077,11.223,2.38,0.0267
749,2,3.570,1.709,3.780,-0.92,0.9067,2,6.480,2.334,5.983,-1.92,1.0000
750,39,47.113,2.441,40.347,-3.32,1.0000,29,34.647,3.464,36.880,-1.63,0.9600
751,7,14.953,3.189,12.100,-2.49,0.9967,7,27.840,3.673,20.017,-5.67,1.0000
752,8,15.233,3.176,10.540,-2.28,1.0000,11,15.617,3.512,15.633,-1.31,0.9267
753,3,3.587,1.987,3.627,-0.30,0.6700,6,7.380,2.594,6.793,-0.53,0.7567
754,0,6.917,2.392,6.443,-2.89,1.0000,12,6.887,2.485,8.457,2.06,0.0333
755,4,12.793,3.269,11.987,-2.69,1.0000,9,16.263,3.726,17.357,-1.95,0.9867
756,11,13.500,2.979,10.010,-0.84,0.8267,23,22.583,3.692,20.443,0.11,0.5167
757,2,3.600,1.829,3.503,-0.87,0.8867,1,10.563,3.040,8.947,-3.15,1.0000
758,25,10.840,2.930,6.457,4.83,0.0000,19,9.557,2.683,8.170,3.52,0.0000
759,3,2.430,1.437,2.753,0.40,0.4100,3,4.623,2.130,4.847,-0.76,0.8333
760,26,34.507,3.472,28.980,-2.45,0.9933,15,25.927,3.464,29.347,-3.15,1.0000
761,8,7.330,2.540,5.797,0.26,0.4433,10,17.137,3.316,12.900,-2.15,0.9933
762,1,6.150,2.315,4.970,-2.22,1.0000,5,10.017,2.779,9.610,-1.81,0.9767
763,1,1.483,1.223,1.893,-0.40,0.7867,10,4.493,2.041,4.230,2.70,0.0200
764,1,2.837,1.587,2.803,-1.16,0.9600,11,4.310,2.076,4.827,3.22,0.0000
765,0,5.413,2.076,5.343,-2.61,1.0000,14,8.800,2.780,10.223,1.87,0.0433
766,6,5.560,2.198,4.113,0.20,0.4800,13,12.197,3.124,11.853,0.26,0.4567
767,0,0.977,0.962,1.127,-1.02,1.0000,2,4.657,2.000,4.373,-1.33,0.9433
768,3,3.200,1.729,2.497,-0.12,0.6367,6,4.683,2.002,4.447,0.66,0.3100
769,1,0.677,0.845,1.063,0.38,0.4867,1,2.097,1.405,2.363,-0.78,0.8900
770,32,38.380,3.014,33.287,-2.12,0.9900,12,27.960,3.590,31.080,-4.45,1.0000
771,0,7.817,2.460,8.180,-3.18,1.0000,6,18.390,3.211,13.703,-3.86,1.0000
772,26,10.807,2.917,7.097,5.21,0.0000,24,10.950,3.056,10.197,4.27,0.0000
773,0,2.433,1.346,1.860,-1.81,1.0000,0,4.297,1.920,3.770,-2.24,1.0000
774,0,4.697,1.930,4.250,-2.43,1.0000,2,4.693,2.115,4.997,-1.27,0.9500
775,25,7.040,2.699,8.737,6.66,0.0000,26,10.830,3.077,13.073,4.93,0.0000
776,40,10.103,2.655,7.037,11.26,0.0000,27,16.843,3.257,15.800,3.12,0.0000
777,1,2.157,1.392,2.367,-0.83,0.8933,3,6.873,2.483,6.033,-1.56,0.9700
778,5,5.653,2.421,4.653,-0.27,0.6600,9,6.250,2.394,6.477,1.15,0.1767
779,0,1.407,1.163,1.880,-1.21,1.0000,0,2.747,1.582,3.307,-1.74,1.0000
780,37,36.407,3.372,32.150,0.18,0.4767,29,26.960,3.631,29.963,0.56,0.3233
781,2,8.333,2.894,7.427,-2.19,1.0000,4,17.090,3.500,12.790,-3.74,1.0000
782,5,5.770,2.292,5.973,-0.34,0.6833,6,8.353,2.752,9.723,-0.86,0.8667
783,0,1.587,1.284,1.767,-1.24,1.0000,4,3.403,1.646,4.077,0.36,0.4700
784,1,3.227,1.796,3.693,-1.24,0.9600,2,3.780,1.865,4.983,-0.95,0.8967
785,2,5.653,2.365,7.093,-1.54,0.9667,1,9.213,2.620,11.093,-3.13,1.0000
786,4,6.897,2.460,5.873,-1.18,0.9400,29,12.833,3.263,13.410,4.95,0.0000
787,0,1.253,1.108,1.883,-1.13,1.0000,7,5.117,2.036,4.983,0.93,0.2567
788,10,4.833,2.244,3.580,2.30,0.0233,7,5.187,2.134,5.250,0.85,0.2633
789,1,1.140,1.060,1.463,-0.13,0.6933,1,2.290,1.476,2.473,-0.87,0.9000
790,20,28.897,3.411,28.210,-2.61,1.0000,22,23.180,3.758,25.507,-0.31,0.6667
791,3,5.303,2.099,5.627,-1.10,0.9167,4,12.633,2.959,10.247,-2.92,1.0000
792,1,3.837,1.948,4.830,-1.46,0.9800,2,6.787,2.496,7.557,-1.92,0.9933
793,1,0.927,0.904,1.510,0.08,0.6267,5,2.717,1.548,2.913,1.47,0.1033
794,5,1.857,1.273,2.813,2.47,0.0333,8,2.780,1.573,3.707,3.32,0.0067
795,0,3.207,1.653,6.037,-1.94,1.0000,2,6.873,2.344,8.550,-2.08,1.0000
796,3,4.653,2.064,4.793,-0.80,0.8533,8,9.603,2.721,10.427,-0.59,0.7667
797,0,0.760,0.807,1.550,-0.94,1.0000,1,3.747,1.757,3.920,-1.56,0.9833
798,2,3.073,1.632,2.930,-0.66,0.8433,6,3.957,1.889,3.997,1.08,0.2167
799,1,0.670,0.785,1.320,0.42,0.5067,1,1.643,1.206,2.010,-0.53,0.8200
800,36,36.090,3.350,45.127,-0.03,0.5833,16,29.477,3.580,43.897,-3.76,1.0000
801,9,20.527,3.390,24.790,-3.40,1.0000,0,33.863,3.704,26.733,-9.14,1.0000
802,5,17.920,3.399,23.850,-3.80,1.0000,8,19.670,3.291,22.623,-3.55,1.0000
803,0,6.463,2.424,9.257,-2.67,1.0000,3,10.243,2.864,10.917,-2.53,1.0000
804,8,9.157,2.598,15.450,-0.45,0.7300,4,7.193,2.333,12.550,-1.37,0.9500
805,4,12.897,3.115,27.373,-2.86,1.0000,7,14.977,3.467,28.870,-2.30,0.9867
806,6,23.037,3.456,24.837,-4.93,1.0000,35,29.397,3.445,34.707,1.63,0.0667
807,7,10.073,2.842,12.747,-1.08,0.8967,3,27.443,3.915,21.270,-6.24,1.0000
808,9,20.943,3.402,18.457,-3.51,1.0000,31,18.537,3.448,19.627,3.61,0.0000
809,10,7.933,2.775,10.610,0.74,0.2767,4,15.250,3.499,12.183,-3.22,1.0000
810,17,42.370,2.890,42.293,-8.78,1.0000,26,31.457,3.425,38.813,-1.59,0.9567
811,3,19.210,3.366,16.510,-4.82,1.0000,6,29.797,3.744,26.380,-6.36,1.0000
812,1,13.143,3.009,14.263,-4.04,1.0000,11,21.510,3.536,21.573,-2.97,0.9967
813,0,5.000,1.998,7.123,-2.50,1.0000,2,12.247,3.049,12.530,-3.36,1.0000
814,7,9.923,2.911,9.503,-1.00,0.8933,10,12.130,2.974,12.870,-0.72,0.8267
815,3,12.150,2.917,14.457,-3.14,1.0000,6,15.930,3.328,19.860,-2.98,1.0000
816,8,15.280,3.379,11.683,-2.15,0.9967,14,23.843,3.659,22.383,-2.69,0.9967
817,1,4.663,2.275,4.380,-1.61,0.9900,4,14.890,3.220,11.220,-3.38,1.0000
818,0,11.390,3.018,7.503,-3.77,1.0000,7,11.130,3.109,10.403,-1.33,0.9433
819,2,3.307,1.775,3.343,-0.74,0.8467,4,6.767,2.518,6.263,-1.10,0.9000
820,24,28.893,3.719,28.887,-1.32,0.9300,16,22.610,3.223,29.937,-2.05,0.9833
821,0,7.133,2.169,6.627,-3.29,1.0000,2,16.603,3.477,14.793,-4.20,1.0000
822,8,5.143,2.137,5.093,1.34,0.1200,7,10.797,2.703,10.873,-1.40,0.9500
823,0,1.610,1.274,1.953,-1.26,1.0000,1,4.887,2.058,5.263,-1.89,0.9967
824,3,2.740,1.545,3.177,0.17,0.5333,7,5.137,2.085,5.800,0.89,0.2500
825,3,4.047,1.835,5.840,-0.57,0.7967,3,7.273,2.336,11.683,-1.83,0.9900
826,1,5.537,2.221,4.740,-2.04,1.0000,20,11.643,2.843,13.627,2.94,0.0067
827,0,1.040,1.017,1.490,-1.02,1.0000,0,5.307,2.187,5.650,-2.43,1.0000
828,12,3.040,1.598,2.933,5.61,0.0000,12,4.837,2.062,5.497,3.47,0.0000
829,1,0.707,0.862,1.097,0.34,0.5000,3,2.470,1.626,2.967,0.33,0.4300
830,25,21.690,3.321,28.260,1.00,0.2133,35,18.623,3.312,30.157,4.94,0.0000
831,0,6.130,2.412,5.990,-2.54,1.0000,1,15.060,3.231,14.113,-4.35,1.0000
832,12,3.043,1.644,5.130,5.45,0.0000,15,7.623,2.542,10.630,2.90,0.0067
833,0,1.117,1.042,1.410,-1.07,1.0000,0,3.163,1.655,3.980,-1.91,1.0000
834,4,1.603,1.288,2.963,1.86,0.0833,5,2.757,1.633,5.553,1.37,0.1267
835,5,3.207,1.687,6.310,1.06,0.2233,8,5.663,2.310,13.333,1.01,0.1900
836,3,4.780,2.073,5.157,-0.86,0.8633,10,10.593,2.783,15.660,-0.21,0.6533
837,0,1.210,1.053,1.600,-1.15,1.0000,2,6.240,2.493,6.540,-1.70,0.9933
838,9,3.693,1.861,3.113,2.85,0.0067,6,5.453,2.198,6.607,0.25,0.4833
839,0,0.997,1.023,1.320,-0.97,1.0000,0,3.017,1.701,3.357,-1.77,1.0000
840,22,30.253,3.374,34.733,-2.45,0.9967,12,24.677,3.569,33.467,-3.55,1.0000
841,0,9.200,2.689,8.777,-3.42,1.0000,5,22.347,3.599,16.373,-4.82,1.0000
842,2,5.063,2.211,7.847,-1.39,0.9500,2,10.693,2.831,12.270,-3.07,1.0000
843,0,1.330,1.211,2.390,-1.10,1.0000,2,4.400,2.010,5.000,-1.19,0.9433
844,2,3.303,1.754,4.417,-0.74,0.8467,2,4.463,2.014,6.480,-1.22,0.9567
845,2,4.470,2.001,9.523,-1.23,0.9533,1,9.320,2.803,15.747,-2.97,1.0000
846,6,8.703,2.632,7.727,-1.03,0.9000,12,16.520,3.088,18.700,-1.46,0.9433
847,0,1.943,1.278,2.413,-1.52,1.0000,0,9.380,2.519,7.713,-3.72,1.0000
848,5,6.220,2.266,4.833,-0.54,0.7500,15,7.990,2.653,7.537,2.64,0.0100
849,1,1.630,1.334,2.273,-0.47,0.7700,1,4.200,2.002,4.240,-1.60,0.9900
850,30,34.703,3.530,31.447,-1.33,0.9167,26,23.903,3.493,30.137,0.60,0.3100
851,3,7.987,2.621,7.037,-1.90,0.9833,4,20.053,3.144,14.233,-5.11,1.0000
852,3,7.417,2.473,6.330,-1.79,0.9867,6,10.063,2.758,10.813,-1.47,0.9533
853,0,1.803,1.328,2.000,-1.36,1.0000,4,4.547,1.961,4.573,-0.28,0.7033
854,1,3.657,1.830,3.640,-1.45,0.9767,3,4.573,2.001,5.730,-0.79,0.8500
855,13,5.137,2.013,7.050,3.91,0.0000,8,8.437,2.646,12.417,-0.17,0.6333
856,8,9.793,2.671,5.903,-0.67,0.8000,23,15.877,3.289,14.740,2.17,0.0300
857,1,2.053,1.353,1.817,-0.78,0.8833,2,8.377,2.559,5.713,-2.49,1.0000
858,7,8.147,2.737,3.653,-0.42,0.7100,8,7.430,2.460,5.740,0.23,0.4700
859,1,1.547,1.246,1.473,-0.44,0.7767,0,3.617,1.780,3.023,-2.03,1.0000
860,31,22.443,3.478,20.030,2.46,0.0167,27,17.250,3.511,22.640,2.78,0.0033
861,0,3.850,1.958,3.213,-1.97,1.0000,12,11.543,3.184,9.033,0.14,0.4767
862,3,3.127,1.663,2.807,-0.08,0.6400,2,6.843,2.514,6.413,-1.93,0.9900
863,0,0.853,0.869,1.007,-0.98,1.0000,3,2.907,1.653,2.583,0.06,0.5500
864,1,1.673,1.376,1.527,-0.49,0.8133,2,3.463,1.785,3.280,-0.82,0.8567
865,0,2.493,1.487,2.990,-1.68,1.0000,4,4.887,1.990,7.067,-0.45,0.7333
866,1,3.673,1.890,2.340,-1.41,0.9900,16,8.323,2.772,8.043,2.77,0.0033
867,0,0.557,0.797,0.630,-0.70,1.0000,1,3.530,1.878,2.780,-1.35,0.9567
868,0,2.523,1.394,1.370,-1.81,1.0000,4,3.337,1.749,3.047,0.38,0.4433
869,1,0.330,0.618,0.547,1.08,0.2733,2,1.527,1.255,1.503,0.38,0.4133
870,13,23.237,3.588,24.653,-2.85,1.0000,10,17.593,3.442,25.030,-2.21,0.9933
871,0,3.970,1.876,4.813,-2.12,1.0000,0,11.533,3.106,9.593,-3.71,1.0000
872,4,4.827,2.047,4.233,-0.40,0.7567,5,5.630,2.235,7.033,-0.28,0.6700
873,0,1.037,1.032,1.173,-1.00,1.0000,0,2.407,1.586,2.453,-1.52,1.0000
874,1,2.330,1.369,2.343,-0.97,0.8933,5,2.713,1.575,3.473,1.45,0.1300
875,0,2.783,1.626,5.287,-1.71,1.0000,6,5.380,2.071,9.230,0.30,0.4800
876,1,5.967,2.400,4.263,-2.07,0.9967,6,9.643,2.976,11.510,-1.22,0.9100
877,0,1.073,0.989,1.343,-1.09,1.0000,2,4.333,2.045,4.203,-1.14,0.9167
878,9,3.483,1.931,2.677,2.86,0.0233,8,4.163,1.842,4.360,2.08,0.0467
879,0,0.627,0.759,1.043,-0.83,1.0000,0,1.720,1.249,2.193,-1.38,1.0000
880,1,21.523,3.447,22.270,-5.95,1.0000,5,16.177,3.236,22.920,-3.45,1.0000
881,1,3.847,1.822,3.900,-1.56,0.9900,1,9.900,2.886,8.847,-3.08,1.0000
882,0,2.723,1.438,3.263,-1.89,1.0000,0,5.040,2.162,6.423,-2.33,1.0000
883,0,0.717,0.832,1.210,-0.86,1.0000,2,1.970,1.450,2.780,0.02,0.5600
884,1,1.383,1.158,2.083,-0.33,0.7433,0,2.280,1.509,3.087,-1.51,1.0000
885,0,2.107,1.491,4.140,-1.41,1.0000,0,4.663,1.940,7.710,-2.40,1.0000
886,4,3.810,1.722,3.243,0.11,0.5567,7,7.603,2.486,9.040,-0.24,0.6533
887,0,0.647,0.781,0.960,-0.83,1.0000,0,3.073,1.716,3.363,-1.79,1.0000
888,6,2.917,1.747,2.087,1.76,0.0900,3,3.093,1.703,3.443,-0.05,0.6100
889,0,0.453,0.665,0.810,-0.68,1.0000,1,1.543,1.230,1.743,-0.44,0.8067
890,15,15.517,3.249,19.493,-0.16,0.6200,4,12.523,3.013,19.453,-2.83,1.0000
891,0,2.880,1.668,3.240,-1.73,1.0000,0,8.210,2.573,6.587,-3.19,1.0000
892,1,1.807,1.345,2.903,-0.60,0.8300,0,3.710,1.958,5.150,-1.90,1.0000
893,0,0.450,0.634,0.860,-0.71,1.0000,0,1.547,1.352,1.783,-1.14,1.0000
894,1,0.990,0.938,1.487,0.01,0.6367,5,1.597,1.235,2.453,2.76,0.0267
895,0,1.313,1.149,3.260,-1.14,1.0000,1,3.217,1.763,5.970,-1.26,0.9500
896,5,2.903,1.690,2.543,1.24,0.1700,12,6.297,2.355,7.260,2.42,0.0200
897,1,0.473,0.661,0.690,0.80,0.3867,1,2.587,1.455,2.500,-1.09,0.9333
898,0,1.980,1.301,1.673,-1.52,1.0000,8,2.743,1.566,2.597,3.36,0.0100
899,0,0.383,0.598,0.613,-0.64,1.0000,0,1.220,1.159,1.240,-1.05,1.0000
900,23,31.927,3.666,38.537,-2.44,0.9967,12,22.873,3.881,30.780,-2.80,1.0000
901,2,12.570,2.957,12.650,-3.58,1.0000,2,26.607,3.818,14.973,-6.45,1.0000
902,4,11.153,3.131,11.733,-2.28,0.9967,4,13.240,3.096,11.347,-2.98,1.0000
903,2,3.010,1.776,3.443,-0.57,0.8133,1,5.873,2.197,4.127,-2.22,1.0000
904,4,4.687,2.087,6.877,-0.33,0.7033,5,4.220,2.062,5.793,0.38,0.4333
905,1,8.117,2.893,13.757,-2.46,1.0000,5,10.593,2.676,15.897,-2.09,0.9900
906,10,10.327,2.966,11.747,-0.11,0.6100,11,18.280,3.477,19.280,-2.09,0.9900
907,1,3.313,1.724,4.243,-1.34,0.9600,0,11.203,2.764,8.193,-4.05,1.0000
908,7,8.087,2.595,7.887,-0.42,0.6900,6,9.233,2.846,8.353,-1.14,0.9100
909,1,2.083,1.401,3.647,-0.77,0.8967,1,5.373,2.207,4.457,-1.98,0.9933
910,15,25.583,3.648,26.997,-2.90,1.0000,7,21.613,3.507,24.563,-4.17,1.0000
911,16,6.247,2.309,5.603,4.22,0.0000,13,15.667,3.380,11.327,-0.79,0.8467
912,1,4.723,2.005,4.610,-1.86,0.9967,6,8.827,2.631,8.493,-1.07,0.8867
913,2,1.293,1.139,1.847,0.62,0.3867,3,4.067,1.849,3.993,-0.58,0.8033
914,0,2.510,1.608,2.597,-1.56,1.0000,2,4.273,1.877,4.207,-1.21,0.9300
915,0,3.940,1.915,4.503,-2.06,1.0000,1,6.890,2.370,8.060,-2.49,1.0000
916,7,4.067,1.938,3.517,1.51,0.1167,12,10.770,2.712,9.163,0.45,0.3567
917,0,0.847,0.938,1.010,-0.90,1.0000,4,4.717,2.102,3.433,-0.34,0.6967
918,0,2.453,1.530,2.120,-1.60,1.0000,2,4.033,1.843,3.447,-1.10,0.9367
919,0,0.463,0.640,0.810,-0.72,1.0000,2,2.003,1.443,1.843,-0.00,0.5767
920,0,12.870,3.087,15.123,-4.17,1.0000,0,12.273,2.921,17.573,-4.20,1.0000
921,0,1.447,1.232,1.730,-1.17,1.0000,5,7.063,2.479,5.743,-0.83,0.8667
922,1,1.443,1.210,1.590,-0.37,0.7500,2,3.620,1.864,4.340,-0.87,0.8700
923,0,0.317,0.563,0.407,-0.56,1.0000,0,1.507,1.242,1.467,-1.21,1.0000
924,1,0.587,0.807,0.907,0.51,0.4300,1,1.633,1.318,1.987,-0.48,0.7967
925,0,0.950,0.878,1.803,-1.08,1.0000,1,2.877,1.673,4.947,-1.12,0.9367
926,0,1.490,1.217,1.343,-1.22,1.0000,1,4.457,1.849,5.733,-1.87,0.9967
927,0,0.233,0.503,0.323,-0.46,1.0000,0,1.670,1.260,1.880,-1.33,1.0000
928,1,0.933,1.048,0.837,0.06,0.5633,4,1.627,1.283,2.033,1.85,0.1067
929,0,0.133,0.378,0.300,-0.35,1.0000,0,0.697,0.880,0.857,-0.79,1.0000
930,2,9.743,2.915,14.927,-2.66,1.0000,13,9.957,2.703,17.520,1.13,0.1633
931,0,1.683,1.333,1.810,-1.26,1.0000,0,6.590,2.175,5.323,-3.03,1.0000
932,0,0.853,0.914,1.633,-0.93,1.0000,0,3.040,1.778,3.850,-1.71,1.0000
933,2,0.250,0.456,0.327,3.84,0.0100,0,1.087,1.066,1.223,-1.02,1.0000
934,0,0.463,0.681,0.833,-0.68,1.0000,0,1.003,0.987,1.730,-1.02,1.0000
935,1,0.930,0.914,2.040,0.08,0.6200,12,2.497,1.730,4.980,5.49,0.0000
936,2,1.527,1.260,1.467,0.38,0.4600,5,4.250,1.966,6.030,0.38,0.3867
937,0,0.217,0.466,0.380,-0.46,1.0000,0,2.053,1.385,1.890,-1.48,1.0000
938,0,1.047,1.024,0.947,-1.02,1.0000,0,2.103,1.321,2.223,-1.59,1.0000
939,0,0.163,0.421,0.353,-0.39,1.0000,2,0.917,0.997,0.933,1.09,0.2467
940,19,19.033,3.470,19.147,-0.01,0.5300,10,17.457,3.305,18.577,-2.26,0.9900
941,3,3.427,1.639,2.613,-0.26,0.6967,0,11.387,3.037,5.980,-3.75,1.0000
942,1,2.147,1.346,2.247,-0.85,0.8900,1,4.950,2.106,4.307,-1.88,0.9967
943,0,0.473,0.681,0.423,-0.69,1.0000,1,1.663,1.214,1.387,-0.55,0.8433
944,0,1.120,0.953,1.147,-1.17,1.0000,0,1.733,1.252,1.780,-1.38,1.0000
945,3,1.873,1.382,2.667,0.82,0.2933,4,4.830,2.089,5.277,-0.40,0.7300
946,13,2.667,1.576,2.197,6.56,0.0000,19,7.793,2.605,6.507,4.30,0.0000
947,0,0.460,0.676,0.520,-0.68,1.0000,0,2.920,1.670,2.050,-1.75,1.0000
948,2,1.827,1.297,1.237,0.13,0.5633,2,3.097,1.812,2.253,-0.61,0.8033
949,0,0.367,0.611,0.500,-0.60,1.0000,0,1.297,1.140,1.087,-1.14,1.0000
950,4,15.823,3.449,15.283,-3.43,1.0000,6,13.740,3.170,15.063,-2.44,1.0000
951,4,1.830,1.309,1.850,1.66,0.0967,5,7.853,2.332,4.530,-1.22,0.9467
952,0,1.983,1.315,1.463,-1.51,1.0000,1,3.723,1.829,3.193,-1.49,0.9867
953,0,0.397,0.589,0.320,-0.67,1.0000,0,1.363,1.173,1.077,-1.16,1.0000
954,0,0.703,0.815,0.857,-0.86,1.0000,0,1.423,1.245,1.510,-1.14,1.0000
955,0,1.390,1.209,1.853,-1.15,1.0000,1,3.737,1.686,3.983,-1.62,0.9800
956,2,1.647,1.260,1.523,0.28,0.4767,8,5.033,2.199,5.017,1.35,0.1200
957,2,0.367,0.622,0.367,2.63,0.0400,3,1.940,1.411,1.487,0.75,0.3100
958,0,1.283,1.052,0.823,-1.22,1.0000,1,2.217,1.415,1.447,-0.86,0.8967
959,0,0.207,0.445,0.333,-0.46,1.0000,0,0.757,0.856,0.743,-0.88,1.0000
960,2,6.387,2.197,7.860,-2.00,1.0000,3,7.757,2.562,9.540,-1.86,0.9767
961,0,0.530,0.742,0.670,-0.71,1.0000,0,3.447,1.831,2.577,-1.88,1.0000
962,0,0.490,0.711,0.583,-0.69,1.0000,3,1.973,1.358,1.847,0.76,0.3233
963,0,0.143,0.387,0.140,-0.37,1.0000,0,0.700,0.820,0.677,-0.85,1.0000
964,0,0.193,0.412,0.263,-0.47,1.0000,0,0.787,0.904,0.837,-0.87,1.0000
965,0,0.347,0.606,0.650,-0.57,1.0000,0,1.640,1.276,2.073,-1.28,1.0000
966,0,0.463,0.630,0.603,-0.74,1.0000,3,2.507,1.540,2.280,0.32,0.4500
967,0,0.070,0.256,0.133,-0.27,1.0000,1,0.697,0.804,0.683,0.38,0.5133
968,0,0.283,0.520,0.367,-0.54,1.0000,0,0.820,0.989,0.863,-0.83,1.0000
969,0,0.057,0.232,0.120,-0.24,1.0000,0,0.353,0.640,0.380,-0.55,1.0000
970,10,11.843,3.045,11.290,-0.61,0.7967,11,11.017,2.992,11.447,-0.01,0.5533
971,0,1.433,1.210,1.207,-1.18,1.0000,0,5.193,2.062,2.850,-2.52,1.0000
972,0,1.657,1.221,1.170,-1.36,1.0000,1,2.763,1.554,2.087,-1.13,0.9500
973,0,0.277,0.517,0.263,-0.53,1.0000,0,0.897,0.921,0.600,-0.97,1.0000
974,0,0.617,0.791,0.550,-0.78,1.0000,1,1.043,0.982,1.023,-0.04,0.6567
975,1,0.963,0.979,1.307,0.04,0.6067,1,2.507,1.478,2.633,-1.02,0.9400
976,1,1.440,1.290,1.083,-0.34,0.7300,4,3.933,1.929,3.383,0.03,0.5600
977,0,0.283,0.551,0.267,-0.51,1.0000,0,1.353,1.152,1.037,-1.18,1.0000
978,1,0.753,0.825,0.653,0.30,0.5533,2,1.547,1.183,1.090,0.38,0.4667
979,0,0.127,0.353,0.200,-0.36,1.0000,0,0.567,0.784,0.517,-0.72,1.0000
980,23,10.143,2.784,8.897,4.62,0.0000,13,8.933,2.804,9.257,1.45,0.1033
981,0,1.050,1.019,0.910,-1.03,1.0000,1,3.997,1.979,2.423,-1.51,0.9833
982,0,0.680,0.820,0.690,-0.83,1.0000,1,1.827,1.325,1.663,-0.62,0.8533
983,0,0.193,0.458,0.183,-0.42,1.0000,0,0.770,0.808,0.670,-0.95,1.0000
984,0,0.350,0.596,0.417,-0.59,1.0000,0,0.767,0.869,0.757,-0.88,1.0000
985,1,0.667,0.807,0.807,0.41,0.4833,2,1.800,1.386,1.987,0.14,0.5267
986,6,0.830,0.878,0.713,5.89,0.0000,15,2.703,1.563,2.527,7.87,0.0000
987,0,0.127,0.362,0.127,-0.35,1.0000,0,0.790,0.914,0.730,-0.86,1.0000
988,0,0.550,0.776,0.423,-0.71,1.0000,0,0.940,0.980,0.867,-0.96,1.0000
989,0,0.120,0.336,0.113,-0.36,1.0000,0,0.423,0.673,0.360,-0.63,1.0000
990,3,6.147,2.296,7.103,-1.37,0.9467,3,6.420,2.353,7.587,-1.45,0.9600
991,2,0.710,0.813,0.680,1.59,0.1600,0,3.370,1.913,1.790,-1.76,1.0000
992,0,0.500,0.706,0.597,-0.71,1.0000,0,1.497,1.111,1.200,-1.35,1.0000
993,0,0.067,0.250,0.123,-0.27,1.0000,0,0.523,0.724,0.380,-0.72,1.0000
994,0,0.213,0.464,0.333,-0.46,1.0000,0,0.447,0.634,0.560,-0.70,1.0000
995,0,0.290,0.542,0.663,-0.54,1.0000,1,1.313,1.070,1.670,-0.29,0.7600
996,0,0.693,0.830,0.487,-0.84,1.0000,5,2.157,1.474,1.920,1.93,0.0467
997,0,0.100,0.352,0.120,-0.28,1.0000,2,0.723,0.892,0.457,1.43,0.1767
998,0,0.387,0.593,0.300,-0.65,1.0000,0,1.003,1.003,0.723,-1.00,1.0000
999,0,0.067,0.250,0.103,-0.27,1.0000,0,0.330,0.602,0.300,-0.55,1.0000
1000,13,19.423,3.485,31.203,-1.84,0.9833,12,10.370,2.852,23.477,0.57,0.3333
1001,0,6.803,2.427,8.880,-2.80,1.0000,0,10.683,2.906,10.673,-3.68,1.0000
1002,0,6.250,2.428,8.330,-2.57,1.0000,0,5.710,2.360,8.050,-2.42,1.0000
1003,1,1.553,1.286,2.230,-0.43,0.7533,1,2.433,1.492,2.803,-0.96,0.9100
1004,0,2.110,1.413,4.630,-1.49,1.0000,0,1.653,1.227,3.963,-1.35,1.0000
1005,0,4.253,1.869,10.390,-2.28,1.0000,0,4.433,1.966,11.660,-2.26,1.0000
1006,14,6.063,2.412,8.597,3.29,0.0000,11,8.053,2.618,14.433,1.13,0.1733
1007,1,2.000,1.378,3.197,-0.73,0.8600,1,5.183,2.229,6.007,-1.88,0.9933
1008,1,4.653,2.050,5.447,-1.78,0.9933,1,4.117,1.989,6.050,-1.57,0.9900
1009,1,1.340,1.087,2.513,-0.31,0.7733,1,2.567,1.530,3.087,-1.02,0.9267
1010,8,15.617,3.335,18.343,-2.28,0.9967,8,10.493,2.816,16.697,-0.89,0.8733
1011,0,3.463,1.789,3.447,-1.94,1.0000,1,6.560,2.342,7.607,-2.37,1.0000
1012,1,2.543,1.524,2.827,-1.01,0.9400,0,4.170,1.747,5.653,-2.39,1.0000
1013,0,0.750,0.802,1.113,-0.94,1.0000,0,1.980,1.356,2.770,-1.46,1.0000
1014,0,1.387,1.175,1.740,-1.18,1.0000,0,2.123,1.436,2.893,-1.48,1.0000
1015,0,2.177,1.469,2.687,-1.48,1.0000,6,3.050,1.511,4.927,1.95,0.0667
1016,1,2.153,1.471,2.130,-0.78,0.8800,2,4.580,1.954,5.677,-1.32,0.9533
1017,0,0.473,0.641,0.557,-0.74,1.0000,1,1.997,1.343,2.243,-0.74,0.9067
1018,1,1.267,1.137,1.280,-0.23,0.6833,3,1.857,1.399,2.347,0.82,0.2967
1019,0,0.260,0.529,0.470,-0.49,1.0000,0,0.933,0.962,1.093,-0.97,1.0000
1020,9,6.060,2.391,7.823,1.23,0.1433,6,5.937,2.190,10.113,0.03,0.5500
1021,0,0.703,0.839,0.863,-0.84,1.0000,0,2.990,1.533,3.167,-1.95,1.0000
1022,3,0.553,0.750,0.783,3.26,0.0100,7,1.660,1.310,2.413,4.08,0.0000
1023,0,0.143,0.396,0.213,-0.36,1.0000,0,0.760,0.807,0.843,-0.94,1.0000
1024,0,0.197,0.475,0.403,-0.41,1.0000,0,0.737,0.834,0.990,-0.88,1.0000
1025,0,0.360,0.599,0.750,-0.60,1.0000,0,1.263,1.113,2.480,-1.14,1.0000
1026,1,0.500,0.706,0.573,0.71,0.3967,3,1.757,1.343,3.000,0.93,0.2667
1027,0,0.080,0.284,0.173,-0.28,1.0000,0,0.663,0.816,0.900,-0.81,1.0000
1028,0,0.327,0.555,0.293,-0.59,1.0000,0,0.687,0.870,1.047,-0.79,1.0000
1029,0,0.037,0.188,0.140,-0.19,1.0000,0,0.280,0.525,0.413,-0.53,1.0000
1030,21,4.267,1.991,8.587,8.41,0.0000,14,4.687,2.004,11.367,4.65,0.0000
1031,0,0.690,0.772,0.920,-0.89,1.0000,0,2.557,1.499,3.263,-1.71,1.0000
1032,0,0.400,0.590,0.813,-0.68,1.0000,1,1.143,1.108,2.247,-0.13,0.6600
1033,0,0.097,0.318,0.177,-0.30,1.0000,0,0.440,0.703,0.823,-0.63,1.0000
1034,0,0.143,0.379,0.417,-0.38,1.0000,0,0.390,0.678,0.973,-0.58,1.0000
1035,0,0.493,0.696,1.060,-0.71,1.0000,0,0.950,0.944,2.973,-1.01,1.0000
1036,1,0.487,0.687,0.713,0.75,0.3867,9,1.570,1.232,3.840,6.03,0.0000
1037,0,0.083,0.311,0.213,-0.27,1.0000,0,0.623,0.798,1.190,-0.78,1.0000
1038,0,0.343,0.577,0.490,-0.59,1.0000,0,0.713,0.853,1.263,-0.84,1.0000
1039,0,0.043,0.204,0.117,-0.21,1.0000,0,0.347,0.566,0.610,-0.61,1.0000
1040,6,12.600,2.995,12.840,-2.20,0.9933,2,8.633,2.745,13.093,-2.42,0.9967
1041,0,1.893,1.362,1.547,-1.39,1.0000,0,5.420,2.239,4.093,-2.42,1.0000
1042,0,1.107,0.996,1.290,-1.11,1.0000,0,2.333,1.489,2.790,-1.57,1.0000
1043,0,0.203,0.427,0.320,-0.48,1.0000,0,0.840,0.854,0.833,-0.98,1.0000
1044,0,0.590,0.737,0.787,-0.80,1.0000,0,0.647,0.794,1.390,-0.81,1.0000
1045,0,0.930,0.960,1.780,-0.97,1.0000,1,2.263,1.495,3.653,-0.85,0.9033
1046,11,1.657,1.243,1.383,7.52,0.0000,8,3.733,1.783,4.620,2.39,0.0300
1047,0,0.243,0.495,0.390,-0.49,1.0000,0,1.567,1.261,1.357,-1.24,1.0000
1048,1,1.040,1.093,0.890,-0.04,0.6067,1,1.540,1.206,1.527,-0.45,0.8033
1049,0,0.187,0.439,0.337,-0.43,1.0000,0,0.760,0.905,0.670,-0.84,1.0000
1050,0,10.337,2.670,10.360,-3.87,1.0000,2,6.423,2.282,10.837,-1.94,0.9900
1051,0,1.057,1.070,1.150,-0.99,1.0000,1,3.397,1.779,3.217,-1.35,0.9667
1052,0,1.163,1.149,1.007,-1.01,1.0000,1,1.830,1.281,2.310,-0.65,0.8467
1053,0,0.190,0.401,0.273,-0.47,1.0000,0,0.680,0.820,0.747,-0.83,1.0000
1054,0,0.383,0.592,0.603,-0.65,1.0000,0,0.703,0.751,1.000,-0.94,1.0000
1055,0,0.833,0.921,1.137,-0.90,1.0000,0,1.630,1.254,2.603,-1.30,1.0000
1056,5,1.047,0.991,0.970,3.99,0.0067,2,2.420,1.494,3.140,-0.28,0.7167
1057,0,0.213,0.471,0.230,-0.45,1.0000,0,0.910,0.979,1.040,-0.93,1.0000
1058,0,0.797,0.890,0.623,-0.90,1.0000,1,1.017,1.023,1.037,-0.02,0.6467
1059,0,0.123,0.329,0.210,-0.37,1.0000,0,0.423,0.642,0.420,-0.66,1.0000
1060,0,3.913,1.895,4.413,-2.07,1.0000,1,3.657,1.959,6.090,-1.36,0.9767
1061,0,0.260,0.503,0.353,-0.52,1.0000,3,1.787,1.291,1.633,0.94,0.2600
1062,0,0.257,0.508,0.327,-0.51,1.0000,0,0.813,0.869,1.167,-0.94,1.0000
1063,0,0.060,0.265,0.093,-0.23,1.0000,0,0.317,0.533,0.453,-0.59,1.0000
1064,0,0.090,0.298,0.153,-0.30,1.0000,0,0.353,0.614,0.513,-0.58,1.0000
1065,0,0.230,0.488,0.330,-0.47,1.0000,0,0.680,0.766,1.197,-0.89,1.0000
1066,0,0.277,0.491,0.333,-0.56,1.0000,1,1.097,1.051,1.537,-0.09,0.6500
1067,0,0.043,0.204,0.057,-0.21,1.0000,2,0.297,0.544,0.487,3.13,0.0367
1068,0,0.140,0.393,0.117,-0.36,1.0000,0,0.423,0.637,0.443,-0.66,1.0000
1069,0,0.017,0.128,0.030,-0.13,1.0000,0,0.140,0.375,0.177,-0.37,1.0000
1070,1,7.107,2.444,7.460,-2.50,1.0000,2,4.593,2.077,8.280,-1.25,0.9533
1071,0,0.680,0.787,0.743,-0.86,1.0000,0,2.190,1.481,2.110,-1.48,1.0000
1072,0,0.837,0.883,0.680,-0.95,1.0000,0,1.207,1.111,1.477,-1.09,1.0000
1073,0,0.163,0.429,0.173,-0.38,1.0000,0,0.393,0.673,0.347,-0.58,1.0000
1074,0,0.277,0.517,0.380,-0.53,1.0000,0,0.410,0.645,0.593,-0.64,1.0000
1075,1,0.463,0.705,0.877,0.76,0.3567,0,0.990,0.980,2.197,-1.01,1.0000
1076,1,0.770,0.875,0.737,0.26,0.5467,2,1.557,1.180,2.540,0.38,0.4767
1077,0,0.177,0.407,0.157,-0.43,1.0000,0,0.663,0.778,0.723,-0.85,1.0000
1078,0,0.360,0.576,0.427,-0.63,1.0000,0,0.730,0.783,0.967,-0.93,1.0000
1079,0,0.073,0.286,0.137,-0.26,1.0000,0,0.223,0.491,0.400,-0.46,1.0000
1080,0,6.287,2.304,6.057,-2.73,1.0000,2,4.387,2.019,6.743,-1.18,0.9400
1081,2,0.530,0.742,0.580,1.98,0.0933,1,1.977,1.325,1.763,-0.74,0.8700
1082,0,0.433,0.627,0.437,-0.69,1.0000,1,0.887,0.915,1.257,0.12,0.6033
1083,0,0.120,0.355,0.173,-0.34,1.0000,0,0.293,0.543,0.457,-0.54,1.0000
1084,0,0.170,0.410,0.340,-0.41,1.0000,0,0.403,0.665,0.507,-0.61,1.0000
1085,1,0.360,0.552,0.640,1.16,0.3267,0,0.877,0.904,1.517,-0.97,1.0000
1086,0,0.573,0.744,0.490,-0.77,1.0000,1,1.353,1.125,1.787,-0.31,0.7533
1087,0,0.070,0.256,0.110,-0.27,1.0000,0,0.437,0.649,0.477,-0.67,1.0000
1088,0,0.373,0.650,0.223,-0.57,1.0000,0,0.517,0.701,0.643,-0.74,1.0000
1089,0,0.047,0.211,0.090,-0.22,1.0000,0,0.233,0.496,0.257,-0.47,1.0000
1090,0,3.797,1.873,5.103,-2.03,1.0000,1,3.177,1.808,5.303,-1.20,0.9600
1091,0,0.417,0.652,0.517,-0.64,1.0000,1,1.410,1.172,1.327,-0.35,0.7733
1092,0,0.320,0.610,0.310,-0.52,1.0000,0,0.793,0.864,0.963,-0.92,1.0000
1093,0,0.043,0.220,0.090,-0.20,1.0000,0,0.250,0.543,0.300,-0.46,1.0000
1094,0,0.097,0.296,0.217,-0.33,1.0000,0,0.283,0.520,0.493,-0.54,1.0000
1095,0,0.163,0.396,0.430,-0.41,1.0000,0,0.577,0.752,1.143,-0.77,1.0000
1096,0,0.367,0.583,0.380,-0.63,1.0000,0,1.117,1.000,1.477,-1.12,1.0000
1097,0,0.063,0.257,0.087,-0.25,1.0000,0,0.363,0.605,0.377,-0.60,1.0000
1098,0,0.253,0.458,0.217,-0.55,1.0000,0,0.403,0.596,0.487,-0.68,1.0000
1099,0,0.030,0.189,0.053,-0.16,1.0000,0,0.150,0.376,0.193,-0.40,1.0000
1100,7,14.927,3.321,21.747,-2.39,0.9933,3,5.977,2.301,16.833,-1.29,0.9467
1101,0,3.547,1.822,5.170,-1.95,1.0000,0,7.017,2.540,6.840,-2.76,1.0000
1102,6,3.283,1.846,4.393,1.47,0.1267,5,3.030,1.683,4.833,1.17,0.1733
1103,0,0.710,0.834,1.183,-0.85,1.0000,0,1.277,1.091,1.667,-1.17,1.0000
1104,0,1.297,1.219,2.600,-1.06,1.0000,0,0.830,0.893,2.227,-0.93,1.0000
1105,4,2.097,1.342,5.630,1.42,0.1400,4,2.230,1.570,7.400,1.13,0.1867
1106,6,4.220,1.930,4.610,0.92,0.2467,2,5.310,1.937,9.273,-1.71,0.9833
1107,0,0.943,0.918,1.663,-1.03,1.0000,0,3.133,1.724,3.370,-1.82,1.0000
1108,4,3.137,1.587,2.933,0.54,0.3867,4,2.500,1.498,3.450,1.00,0.2033
1109,0,0.607,0.800,1.347,-0.76,1.0000,0,1.267,1.113,1.830,-1.14,1.0000
1110,2,11.470,2.964,10.713,-3.20,1.0000,1,6.443,2.348,10.867,-2.32,1.0000
1111,0,2.017,1.325,1.847,-1.52,1.0000,1,4.157,1.930,4.463,-1.64,0.9867
1112,2,1.327,1.133,1.333,0.59,0.3867,4,2.213,1.576,3.157,1.13,0.2000
1113,0,0.360,0.626,0.533,-0.58,1.0000,0,1.040,0.998,1.487,-1.04,1.0000
1114,2,0.777,0.911,0.773,1.34,0.1867,1,1.020,0.954,1.723,-0.02,0.6567
1115,0,1.230,1.027,1.433,-1.20,1.0000,1,1.600,1.275,3.100,-0.47,0.7900
1116,0,1.430,1.170,1.110,-1.22,1.0000,0,2.787,1.716,3.380,-1.62,1.0000
1117,0,0.190,0.441,0.310,-0.43,1.0000,3,1.173,1.007,1.250,1.81,0.1167
1118,4,0.810,0.892,0.590,3.57,0.0067,3,1.080,1.057,1.217,1.82,0.1067
1119,6,0.133,0.350,0.247,16.75,0.0000,4,0.527,0.696,0.647,4.99,0.0000
1120,2,3.667,1.741,4.670,-0.96,0.9067,1,3.220,1.684,6.480,-1.32,0.9633
1121,0,0.350,0.590,0.370,-0.59,1.0000,0,1.680,1.380,1.950,-1.22,1.0000
1122,0,0.277,0.498,0.333,-0.56,1.0000,0,0.903,0.893,1.247,-1.01,1.0000
1123,0,0.070,0.256,0.100,-0.27,1.0000,1,0.363,0.571,0.470,1.12,0.3200
1124,0,0.077,0.267,0.200,-0.29,1.0000,0,0.380,0.580,0.567,-0.65,1.0000
1125,0,0.203,0.472,0.407,-0.43,1.0000,0,0.657,0.841,1.440,-0.78,1.0000
1126,0,0.290,0.548,0.327,-0.53,1.0000,1,0.863,0.880,1.710,0.16,0.5833
1127,0,0.043,0.220,0.077,-0.20,1.0000,0,0.357,0.686,0.497,-0.52,1.0000
1128,0,0.160,0.376,0.217,-0.43,1.0000,0,0.357,0.563,0.543,-0.63,1.0000
1129,4,0.027,0.161,0.040,24.62,0.0000,0,0.153,0.379,0.220,-0.40,1.0000
1130,0,3.110,1.746,5.143,-1.78,1.0000,3,2.463,1.630,7.340,0.33,0.4233
1131,0,0.417,0.672,0.483,-0.62,1.0000,0,1.520,1.268,1.910,-1.20,1.0000
1132,0,0.190,0.441,0.433,-0.43,1.0000,0,0.580,0.761,1.127,-0.76,1.0000
1133,0,0.060,0.252,0.073,-0.24,1.0000,0,0.243,0.528,0.470,-0.46,1.0000
1134,0,0.120,0.336,0.253,-0.36,1.0000,0,0.223,0.448,0.613,-0.50,1.0000
1135,0,0.223,0.463,0.577,-0.48,1.0000,4,0.453,0.670,1.713,5.29,0.0000
1136,0,0.393,0.643,0.433,-0.61,1.0000,5,0.853,0.895,2.280,4.63,0.0000
1137,0,0.043,0.204,0.090,-0.21,1.0000,0,0.403,0.665,0.620,-0.61,1.0000
1138,0,0.297,0.493,0.247,-0.60,1.0000,0,0.430,0.638,0.683,-0.67,1.0000
1139,0,0.033,0.180,0.093,-0.19,1.0000,0,0.150,0.393,0.333,-0.38,1.0000
1140,0,7.077,2.486,7.593,-2.85,1.0000,0,5.110,2.083,8.223,-2.45,1.0000
1141,0,0.760,0.923,0.797,-0.82,1.0000,0,3.280,1.689,2.243,-1.94,1.0000
1142,0,0.527,0.691,0.647,-0.76,1.0000,0,1.113,0.992,1.577,-1.12,1.0000
1143,0,0.060,0.238,0.177,-0.25,1.0000,0,0.410,0.645,0.500,-0.64,1.0000
1144,0,0.263,0.511,0.400,-0.51,1.0000,0,0.400,0.617,0.757,-0.65,1.0000
1145,0,0.373,0.590,0.943,-0.63,1.0000,0,1.197,1.173,2.067,-1.02,1.0000
1146,1,1.037,1.048,0.670,-0.03,0.6200,0,2.103,1.490,2.500,-1.41,1.0000
1147,0,0.127,0.362,0.170,-0.35,1.0000,0,0.870,0.869,0.820,-1.00,1.0000
1148,0,0.617,0.765,0.307,-0.81,1.0000,1,0.827,0.879,0.890,0.20,0.5733
1149,0,0.077,0.267,0.147,-0.29,1.0000,2,0.370,0.617,0.367,2.64,0.0500
1150,2,7.577,2.512,5.673,-2.22,1.0000,1,3.970,1.926,6.213,-1.54,0.9800
1151,0,0.720,0.811,0.503,-0.89,1.0000,0,2.233,1.428,1.760,-1.56,1.0000
1152,0,0.663,0.808,0.463,-0.82,1.0000,0,1.067,1.032,1.137,-1.03,1.0000
1153,0,0.127,0.362,0.127,-0.35,1.0000,0,0.380,0.597,0.430,-0.64,1.0000
1154,0,0.183,0.444,0.273,-0.41,1.0000,0,0.410,0.619,0.500,-0.66,1.0000
1155,0,0.410,0.661,0.567,-0.62,1.0000,0,1.010,0.938,1.463,-1.08,1.0000
1156,0,0.800,0.830,0.483,-0.96,1.0000,1,1.480,1.242,1.933,-0.39,0.7567
1157,1,0.073,0.274,0.090,3.39,0.0700,1,0.617,0.720,0.563,0.53,0.4967
1158,0,0.667,0.855,0.250,-0.78,1.0000,0,0.620,0.843,0.677,-0.74,1.0000
1159,0,0.050,0.218,0.110,-0.23,1.0000,0,0.253,0.526,0.310,-0.48,1.0000
1160,0,2.653,1.611,2.130,-1.65,1.0000,0,2.177,1.476,3.643,-1.47,1.0000
1161,0,0.157,0.391,0.197,-0.40,1.0000,0,0.927,0.982,0.890,-0.94,1.0000
1162,0,0.130,0.356,0.127,-0.36,1.0000,0,0.460,0.705,0.677,-0.65,1.0000
1163,0,0.057,0.246,0.057,-0.23,1.0000,0,0.207,0.474,0.213,-0.44,1.0000
1164,0,0.070,0.256,0.123,-0.27,1.0000,2,0.233,0.510,0.253,3.47,0.0333
1165,0,0.130,0.347,0.190,-0.38,1.0000,0,0.350,0.585,0.773,-0.60,1.0000
1166,0,0.123,0.394,0.077,-0.31,1.0000,0,0.640,0.783,0.780,-0.82,1.0000
1167,0,0.010,0.100,0.027,-0.10,1.0000,0,0.163,0.413,0.287,-0.40,1.0000
1168,0,0.090,0.298,0.093,-0.30,1.0000,0,0.243,0.488,0.240,-0.50,1.0000
1169,2,0.013,0.115,0.017,17.29,0.0000,0,0.130,0.365,0.103,-0.36,1.0000
1170,1,4.560,1.907,3.977,-1.87,1.0000,0,2.813,1.735,4.790,-1.62,1.0000
1171,0,0.273,0.482,0.340,-0.57,1.0000,0,1.257,1.184,1.120,-1.06,1.0000
1172,0,0.517,0.715,0.360,-0.72,1.0000,0,0.583,0.769,0.833,-0.76,1.0000
1173,0,0.043,0.220,0.067,-0.20,1.0000,0,0.160,0.376,0.247,-0.43,1.0000
1174,2,0.167,0.416,0.177,4.41,0.0167,1,0.243,0.474,0.293,1.60,0.2233
1175,0,0.253,0.480,0.393,-0.53,1.0000,2,0.527,0.720,1.250,2.05,0.1200
1176,0,0.487,0.701,0.323,-0.69,1.0000,0,1.033,0.994,1.303,-1.04,1.0000
1177,0,0.050,0.218,0.090,-0.23,1.0000,0,0.337,0.564,0.333,-0.60,1.0000
1178,0,0.293,0.537,0.210,-0.55,1.0000,0,0.373,0.602,0.477,-0.62,1.0000
1179,0,0.023,0.172,0.087,-0.14,1.0000,0,0.147,0.364,0.160,-0.40,1.0000
1180,2,3.460,1.783,3.020,-0.82,0.8633,2,2.273,1.501,4.110,-0.18,0.6800
1181,0,0.240,0.493,0.283,-0.49,1.0000,0,1.163,1.030,0.977,-1.13,1.0000
1182,0,0.163,0.396,0.197,-0.41,1.0000,0,0.443,0.694,0.657,-0.64,1.0000
1183,0,0.047,0.211,0.070,-0.22,1.0000,0,0.137,0.372,0.207,-0.37,1.0000
1184,0,0.073,0.274,0.137,-0.27,1.0000,0,0.180,0.441,0.323,-0.41,1.0000
1185,0,0.177,0.431,0.313,-0.41,1.0000,1,0.470,0.661,0.840,0.80,0.3833
1186,0,0.380,0.614,0.210,-0.62,1.0000,0,0.793,0.872,0.953,-0.91,1.0000
1187,0,0.027,0.161,0.057,-0.17,1.0000,0,0.193,0.420,0.323,-0.46,1.0000
1188,0,0.287,0.528,0.183,-0.54,1.0000,0,0.290,0.529,0.323,-0.55,1.0000
1189,0,0.040,0.196,0.040,-0.20,1.0000,0,0.107,0.359,0.137,-0.30,1.0000
1190,2,1.973,1.402,2.583,0.02,0.5867,0,1.860,1.366,3.280,-1.36,1.0000
1191,0,0.127,0.333,0.227,-0.38,1.0000,0,0.800,0.862,0.703,-0.93,1.0000
1192,0,0.063,0.257,0.210,-0.25,1.0000,0,0.340,0.605,0.513,-0.56,1.0000
1193,0,0.017,0.128,0.037,-0.13,1.0000,0,0.090,0.298,0.177,-0.30,1.0000
1194,0,0.043,0.204,0.093,-0.21,1.0000,0,0.120,0.345,0.260,-0.35,1.0000
1195,0,0.057,0.232,0.257,-0.24,1.0000,1,0.290,0.554,0.573,1.28,0.2467
1196,0,0.157,0.373,0.177,-0.42,1.0000,0,0.577,0.752,0.677,-0.77,1.0000
1197,0,0.013,0.115,0.043,-0.12,1.0000,1,0.160,0.402,0.150,2.09,0.1467
1198,0,0.110,0.324,0.113,-0.34,1.0000,0,0.183,0.421,0.297,-0.44,1.0000
1199,0,0.017,0.128,0.030,-0.13,1.0000,0,0.093,0.303,0.093,-0.31,1.0000
1200,3,7.403,2.484,12.973,-1.77,0.9767,2,3.757,1.971,10.973,-0.89,0.8900
1201,0,1.533,1.265,2.347,-1.21,1.0000,2,3.653,1.885,3.663,-0.88,0.8833
1202,0,1.327,1.097,2.210,-1.21,1.0000,0,1.507,1.192,2.547,-1.26,1.0000
1203,0,0.250,0.524,0.510,-0.48,1.0000,0,0.607,0.775,0.777,-0.78,1.0000
1204,0,0.560,0.694,1.140,-0.81,1.0000,0,0.433,0.600,1.263,-0.72,1.0000
1205,0,0.810,0.922,2.767,-0.88,1.0000,0,1.100,1.093,3.967,-1.01,1.0000
1206,2,2.073,1.440,2.117,-0.05,0.6367,2,2.607,1.750,5.077,-0.35,0.7167
1207,0,0.380,0.625,0.677,-0.61,1.0000,0,1.617,1.228,1.903,-1.32,1.0000
1208,0,1.667,1.315,1.227,-1.27,1.0000,1,1.327,1.082,1.747,-0.30,0.7767
1209,0,0.270,0.521,0.553,-0.52,1.0000,0,0.840,0.926,0.957,-0.91,1.0000
1210,3,4.903,1.960,5.237,-0.97,0.9000,2,3.067,1.753,6.437,-0.61,0.7967
1211,0,0.663,0.769,0.590,-0.86,1.0000,0,2.010,1.302,2.263,-1.54,1.0000
1212,0,0.500,0.752,0.447,-0.67,1.0000,1,1.187,1.040,1.673,-0.18,0.7133
1213,0,0.167,0.416,0.257,-0.40,1.0000,0,0.587,0.738,0.850,-0.80,1.0000
1214,0,0.467,0.630,0.403,-0.74,1.0000,0,0.617,0.769,0.837,-0.80,1.0000
1215,0,0.407,0.650,0.490,-0.63,1.0000,0,0.750,0.866,1.500,-0.87,1.0000
1216,0,0.740,0.841,0.413,-0.88,1.0000,1,1.247,1.037,1.670,-0.24,0.7433
1217,0,0.087,0.282,0.110,-0.31,1.0000,0,0.593,0.704,0.490,-0.84,1.0000
1218,2,0.487,0.701,0.237,2.16,0.0767,1,0.563,0.758,0.627,0.58,0.4333
1219,0,0.053,0.239,0.113,-0.22,1.0000,0,0.250,0.537,0.237,-0.47,1.0000
1220,0,1.847,1.360,2.103,-1.36,1.0000,1,1.547,1.194,3.450,-0.46,0.8100
1221,0,0.130,0.365,0.170,-0.36,1.0000,0,0.703,0.847,1.037,-0.83,1.0000
1222,0,0.100,0.311,0.130,-0.32,1.0000,0,0.423,0.593,0.637,-0.71,1.0000
1223,0,0.013,0.115,0.037,-0.12,1.0000,0,0.207,0.445,0.250,-0.46,1.0000
1224,0,0.060,0.252,0.093,-0.24,1.0000,0,0.200,0.425,0.307,-0.47,1.0000
1225,0,0.083,0.289,0.153,-0.29,1.0000,0,0.320,0.546,0.763,-0.59,1.0000
1226,0,0.147,0.399,0.147,-0.37,1.0000,1,0.480,0.686,0.990,0.76,0.3733
1227,0,0.017,0.128,0.007,-0.13,1.0000,0,0.183,0.429,0.233,-0.43,1.0000
1228,0,0.080,0.284,0.077,-0.28,1.0000,0,0.210,0.455,0.303,-0.46,1.0000
1229,0,0.003,0.058,0.033,-0.06,1.0000,0,0.077,0.267,0.110,-0.29,1.0000
1230,0,1.093,1.093,2.317,-1.00,1.0000,0,1.180,1.116,4.097,-1.06,1.0000
1231,0,0.150,0.358,0.227,-0.42,1.0000,0,0.650,0.793,0.970,-0.82,1.0000
1232,0,0.077,0.267,0.193,-0.29,1.0000,0,0.247,0.490,0.637,-0.50,1.0000
1233,0,0.010,0.100,0.040,-0.10,1.0000,0,0.070,0.256,0.203,-0.27,1.0000
1234,0,0.050,0.218,0.093,-0.23,1.0000,0,0.090,0.309,0.247,-0.29,1.0000
1235,0,0.073,0.274,0.193,-0.27,1.0000,0,0.193,0.428,0.873,-0.45,1.0000
1236,0,0.147,0.373,0.130,-0.39,1.0000,0,0.457,0.705,1.213,-0.65,1.0000
1237,0,0.010,0.100,0.027,-0.10,1.0000,0,0.193,0.428,0.333,-0.45,1.0000
1238,0,0.157,0.416,0.073,-0.38,1.0000,0,0.203,0.479,0.340,-0.42,1.0000
1239,0,0.013,0.115,0.030,-0.12,1.0000,0,0.073,0.261,0.143,-0.28,1.0000
1240,0,2.853,1.692,3.450,-1.69,1.0000,0,2.367,1.598,4.473,-1.48,1.0000
1241,0,0.220,0.446,0.280,-0.49,1.0000,0,1.397,1.245,1.140,-1.12,1.0000
1242,0,0.107,0.320,0.237,-0.33,1.0000,0,0.497,0.720,0.773,-0.69,1.0000
1243,0,0.027,0.161,0.053,-0.17,1.0000,0,0.180,0.418,0.257,-0.43,1.0000
1244,0,0.070,0.256,0.130,-0.27,1.0000,0,0.157,0.407,0.363,-0.38,1.0000
1245,0,0.113,0.328,0.287,-0.35,1.0000,0,0.443,0.675,1.107,-0.66,1.0000
1246,0,0.323,0.541,0.280,-0.60,1.0000,0,0.917,0.980,1.200,-0.94,1.0000
1247,0,0.033,0.180,0.040,-0.19,1.0000,0,0.373,0.579,0.370,-0.64,1.0000
1248,0,0.220,0.446,0.190,-0.49,1.0000,0,0.463,0.666,0.470,-0.70,1.0000
1249,2,0.023,0.151,0.043,13.07,0.0000,0,0.167,0.399,0.220,-0.42,1.0000
1250,0,2.690,1.670,2.483,-1.61,1.0000,0,1.940,1.335,3.517,-1.45,1.0000
1251,0,0.213,0.499,0.233,-0.43,1.0000,0,1.017,0.976,0.963,-1.04,1.0000
1252,0,0.203,0.450,0.173,-0.45,1.0000,0,0.400,0.634,0.620,-0.63,1.0000
1253,0,0.017,0.128,0.043,-0.13,1.0000,0,0.127,0.333,0.213,-0.38,1.0000
1254,0,0.070,0.256,0.107,-0.27,1.0000,0,0.163,0.421,0.280,-0.39,1.0000
1255,0,0.137,0.372,0.250,-0.37,1.0000,2,0.350,0.567,0.773,2.91,0.0333
1256,0,0.353,0.624,0.213,-0.57,1.0000,0,0.743,0.894,0.827,-0.83,1.0000
1257,0,0.043,0.220,0.037,-0.20,1.0000,0,0.307,0.572,0.233,-0.54,1.0000
1258,1,0.257,0.495,0.093,1.50,0.2300,1,0.357,0.609,0.257,1.06,0.2933
1259,0,0.020,0.140,0.027,-0.14,1.0000,0,0.123,0.339,0.117,-0.36,1.0000
1260,0,0.973,0.946,0.973,-1.03,1.0000,0,0.983,1.010,2.000,-0.97,1.0000
1261,0,0.063,0.244,0.083,-0.26,1.0000,0,0.430,0.616,0.400,-0.70,1.0000
1262,0,0.033,0.180,0.053,-0.19,1.0000,0,0.193,0.458,0.290,-0.42,1.0000
1263,0,0.013,0.115,0.027,-0.12,1.0000,0,0.090,0.298,0.123,-0.30,1.0000
1264,0,0.027,0.161,0.043,-0.17,1.0000,0,0.110,0.313,0.130,-0.35,1.0000
1265,0,0.020,0.140,0.053,-0.14,1.0000,0,0.150,0.410,0.323,-0.37,1.0000
1266,0,0.053,0.225,0.057,-0.24,1.0000,0,0.257,0.521,0.427,-0.49,1.0000
1267,0,0.007,0.082,0.017,-0.08,1.0000,0,0.087,0.305,0.100,-0.28,1.0000
1268,0,0.053,0.239,0.020,-0.22,1.0000,0,0.093,0.303,0.093,-0.31,1.0000
1269,0,0.003,0.058,0.020,-0.06,1.0000,0,0.030,0.171,0.063,-0.18,1.0000
1270,0,1.553,1.208,1.767,-1.29,1.0000,0,1.263,1.163,2.550,-1.09,1.0000
1271,0,0.077,0.291,0.133,-0.26,1.0000,0,0.497,0.701,0.610,-0.71,1.0000
1272,0,0.120,0.364,0.120,-0.33,1.0000,0,0.220,0.496,0.397,-0.44,1.0000
1273,0,0.027,0.161,0.023,-0.17,1.0000,0,0.050,0.233,0.147,-0.21,1.0000
1274,0,0.040,0.196,0.060,-0.20,1.0000,0,0.147,0.382,0.223,-0.38,1.0000
1275,0,0.083,0.289,0.150,-0.29,1.0000,0,0.187,0.439,0.607,-0.43,1.0000
1276,1,0.150,0.385,0.120,2.21,0.1400,1,0.413,0.630,0.697,0.93,0.3433
1277,0,0.007,0.082,0.033,-0.08,1.0000,0,0.137,0.344,0.223,-0.40,1.0000
1278,0,0.150,0.376,0.067,-0.40,1.0000,0,0.207,0.474,0.237,-0.44,1.0000
1279,0,0.003,0.058,0.040,-0.06,1.0000,0,0.053,0.225,0.130,-0.24,1.0000
1280,0,1.207,1.023,1.350,-1.18,1.0000,0,1.073,1.058,1.990,-1.01,1.0000
1281,0,0.090,0.298,0.090,-0.30,1.0000,0,0.423,0.652,0.503,-0.65,1.0000
1282,0,0.057,0.232,0.073,-0.24,1.0000,0,0.237,0.478,0.340,-0.50,1.0000
1283,0,0.010,0.100,0.023,-0.10,1.0000,0,0.047,0.211,0.133,-0.22,1.0000
1284,0,0.030,0.171,0.043,-0.18,1.0000,0,0.060,0.252,0.120,-0.24,1.0000
1285,0,0.043,0.204,0.087,-0.21,1.0000,0,0.167,0.382,0.440,-0.44,1.0000
1286,0,0.117,0.342,0.067,-0.34,1.0000,0,0.270,0.514,0.483,-0.52,1.0000
1287,0,0.007,0.082,0.017,-0.08,1.0000,0,0.130,0.374,0.133,-0.35,1.0000
1288,0,0.123,0.339,0.070,-0.36,1.0000,0,0.103,0.326,0.157,-0.32,1.0000
1289,0,0.003,0.058,0.023,-0.06,1.0000,0,0.033,0.180,0.097,-0.19,1.0000
1290,0,0.587,0.751,1.077,-0.78,1.0000,0,0.710,0.877,1.690,-0.81,1.0000
1291,0,0.047,0.211,0.090,-0.22,1.0000,0,0.313,0.525,0.350,-0.60,1.0000
1292,0,0.037,0.188,0.077,-0.19,1.0000,0,0.177,0.407,0.240,-0.43,1.0000
1293,0,0.003,0.058,0.010,-0.06,1.0000,0,0.053,0.225,0.067,-0.24,1.0000
1294,0,0.010,0.100,0.033,-0.10,1.0000,0,0.067,0.263,0.120,-0.25,1.0000
1295,0,0.033,0.180,0.073,-0.19,1.0000,0,0.100,0.301,0.313,-0.33,1.0000
1296,0,0.060,0.252,0.060,-0.24,1.0000,0,0.210,0.455,0.433,-0.46,1.0000
1297,0,0.023,0.151,0.013,-0.15,1.0000,0,0.080,0.272,0.110,-0.29,1.0000
1298,0,0.047,0.211,0.033,-0.22,1.0000,0,0.097,0.328,0.120,-0.29,1.0000
1299,0,0.000,0.000,0.003,nan,1.0000,0,0.043,0.220,0.047,-0.20,1.0000
1300,0,3.367,1.817,6.390,-1.85,1.0000,0,2.023,1.413,5.447,-1.43,1.0000
1301,0,0.507,0.692,0.757,-0.73,1.0000,0,1.783,1.294,1.333,-1.38,1.0000
1302,0,0.507,0.734,0.877,-0.69,1.0000,0,0.613,0.791,1.080,-0.78,1.0000
1303,0,0.077,0.279,0.087,-0.28,1.0000,0,0.230,0.445,0.327,-0.52,1.0000
1304,0,0.167,0.416,0.423,-0.40,1.0000,0,0.190,0.433,0.447,-0.44,1.0000
1305,0,0.267,0.519,0.797,-0.51,1.0000,0,0.513,0.747,1.493,-0.69,1.0000
1306,0,0.537,0.737,0.607,-0.73,1.0000,0,1.123,1.083,1.830,-1.04,1.0000
1307,0,0.097,0.307,0.157,-0.31,1.0000,0,0.567,0.735,0.590,-0.77,1.0000
1308,0,0.387,0.621,0.380,-0.62,1.0000,0,0.547,0.709,0.560,-0.77,1.0000
1309,0,0.047,0.211,0.147,-0.22,1.0000,0,0.237,0.463,0.267,-0.51,1.0000
1310,0,1.500,1.093,1.813,-1.37,1.0000,0,1.433,1.204,2.350,-1.19,1.0000
1311,0,0.150,0.402,0.157,-0.37,1.0000,0,0.803,0.906,0.753,-0.89,1.0000
1312,0,0.117,0.322,0.127,-0.36,1.0000,0,0.327,0.584,0.467,-0.56,1.0000
1313,0,0.040,0.196,0.030,-0.20,1.0000,0,0.177,0.416,0.233,-0.43,1.0000
1314,0,0.033,0.180,0.073,-0.19,1.0000,0,0.193,0.451,0.250,-0.43,1.0000
1315,0,0.117,0.361,0.100,-0.32,1.0000,0,0.243,0.502,0.553,-0.49,1.0000
1316,0,0.107,0.320,0.083,-0.33,1.0000,0,0.437,0.674,0.550,-0.65,1.0000
1317,0,0.007,0.082,0.017,-0.08,1.0000,0,0.157,0.382,0.190,-0.41,1.0000
1318,0,0.060,0.238,0.043,-0.25,1.0000,0,0.140,0.375,0.183,-0.37,1.0000
1319,0,0.020,0.140,0.017,-0.14,1.0000,0,0.057,0.246,0.063,-0.23,1.0000
1320,0,0.480,0.672,0.737,-0.71,1.0000,0,0.670,0.810,1.397,-0.83,1.0000
1321,0,0.017,0.128,0.047,-0.13,1.0000,0,0.257,0.508,0.297,-0.51,1.0000
1322,0,0.030,0.171,0.017,-0.18,1.0000,0,0.100,0.311,0.187,-0.32,1.0000
1323,0,0.000,0.000,0.010,nan,1.0000,0,0.053,0.239,0.030,-0.22,1.0000
1324,0,0.017,0.128,0.013,-0.13,1.0000,0,0.040,0.213,0.093,-0.19,1.0000
1325,0,0.023,0.151,0.027,-0.15,1.0000,0,0.080,0.284,0.230,-0.28,1.0000
1326,0,0.030,0.171,0.033,-0.18,1.0000,0,0.170,0.394,0.227,-0.43,1.0000
1327,0,0.003,0.058,0.010,-0.06,1.0000,0,0.043,0.204,0.097,-0.21,1.0000
1328,0,0.020,0.140,0.013,-0.14,1.0000,0,0.057,0.232,0.070,-0.24,1.0000
1329,0,0.003,0.058,0.000,-0.06,1.0000,0,0.027,0.161,0.027,-0.17,1.0000
1330,0,0.363,0.610,0.790,-0.60,1.0000,0,0.513,0.687,1.380,-0.75,1.0000
1331,0,0.043,0.204,0.033,-0.21,1.0000,0,0.237,0.471,0.277,-0.50,1.0000
1332,0,0.017,0.128,0.017,-0.13,1.0000,0,0.083,0.277,0.173,-0.30,1.0000
1333,0,0.000,0.000,0.007,nan,1.0000,0,0.017,0.128,0.037,-0.13,1.0000
1334,0,0.000,0.000,0.017,nan,1.0000,0,0.020,0.140,0.090,-0.14,1.0000
1335,0,0.017,0.128,0.033,-0.13,1.0000,0,0.090,0.287,0.267,-0.31,1.0000
1336,0,0.020,0.140,0.017,-0.14,1.0000,0,0.150,0.385,0.323,-0.39,1.0000
1337,0,0.000,0.000,0.010,nan,1.0000,0,0.063,0.244,0.090,-0.26,1.0000
1338,0,0.023,0.151,0.007,-0.15,1.0000,0,0.070,0.268,0.100,-0.26,1.0000
1339,0,0.000,0.000,0.007,nan,1.0000,0,0.017,0.128,0.027,-0.13,1.0000
1340,0,1.053,1.030,1.043,-1.02,1.0000,0,1.077,1.010,1.723,-1.07,1.0000
1341,0,0.060,0.238,0.070,-0.25,1.0000,0,0.533,0.738,0.317,-0.72,1.0000
1342,0,0.040,0.196,0.047,-0.20,1.0000,0,0.203,0.435,0.230,-0.47,1.0000
1343,0,0.003,0.058,0.003,-0.06,1.0000,0,0.043,0.220,0.057,-0.20,1.0000
1344,0,0.027,0.161,0.020,-0.17,1.0000,0,0.080,0.284,0.127,-0.28,1.0000
1345,0,0.030,0.171,0.057,-0.18,1.0000,0,0.183,0.421,0.287,-0.44,1.0000
1346,0,0.063,0.257,0.043,-0.25,1.0000,0,0.320,0.521,0.357,-0.61,1.0000
1347,0,0.013,0.115,0.003,-0.12,1.0000,0,0.103,0.336,0.097,-0.31,1.0000
1348,0,0.037,0.188,0.033,-0.19,1.0000,0,0.133,0.387,0.113,-0.34,1.0000
1349,0,0.010,0.100,0.010,-0.10,1.0000,0,0.057,0.259,0.053,-0.22,1.0000
1350,0,0.630,0.758,0.767,-0.83,1.0000,0,0.797,0.851,1.180,-0.94,1.0000
1351,0,0.030,0.171,0.057,-0.18,1.0000,0,0.347,0.584,0.220,-0.59,1.0000
1352,0,0.037,0.188,0.027,-0.19,1.0000,0,0.120,0.336,0.160,-0.36,1.0000
1353,0,0.010,0.100,0.003,-0.10,1.0000,0,0.033,0.180,0.023,-0.19,1.0000
1354,0,0.020,0.140,0.020,-0.14,1.0000,0,0.070,0.256,0.050,-0.27,1.0000
1355,0,0.023,0.151,0.043,-0.15,1.0000,0,0.100,0.342,0.210,-0.29,1.0000
1356,0,0.027,0.161,0.020,-0.17,1.0000,0,0.200,0.455,0.270,-0.44,1.0000
1357,0,0.003,0.058,0.007,-0.06,1.0000,0,0.060,0.238,0.060,-0.25,1.0000
1358,0,0.027,0.161,0.020,-0.17,1.0000,0,0.090,0.287,0.057,-0.31,1.0000
1359,0,0.000,0.000,0.010,nan,1.0000,0,0.033,0.180,0.040,-0.19,1.0000
1360,0,0.143,0.360,0.300,-0.40,1.0000,0,0.413,0.646,0.607,-0.64,1.0000
1361,0,0.007,0.082,0.000,-0.08,1.0000,0,0.107,0.330,0.150,-0.32,1.0000
1362,0,0.007,0.082,0.010,-0.08,1.0000,0,0.043,0.204,0.087,-0.21,1.0000
1363,0,0.000,0.000,0.000,nan,1.0000,0,0.003,0.058,0.010,-0.06,1.0000
1364,0,0.000,0.000,0.003,nan,1.0000,0,0.033,0.180,0.023,-0.19,1.0000
1365,0,0.000,0.000,0.010,nan,1.0000,0,0.040,0.196,0.083,-0.20,1.0000
1366,0,0.007,0.082,0.003,-0.08,1.0000,0,0.060,0.238,0.087,-0.25,1.0000
1367,0,0.003,0.058,0.000,-0.06,1.0000,0,0.017,0.128,0.017,-0.13,1.0000
1368,0,0.007,0.082,0.003,-0.08,1.0000,0,0.023,0.172,0.053,-0.14,1.0000
1369,0,0.000,0.000,0.000,nan,1.0000,0,0.007,0.082,0.020,-0.08,1.0000
1370,4,0.580,0.770,0.527,4.44,0.0000,0,0.520,0.720,0.980,-0.72,1.0000
1371,0,0.030,0.171,0.010,-0.18,1.0000,0,0.200,0.417,0.157,-0.48,1.0000
1372,0,0.027,0.161,0.020,-0.17,1.0000,2,0.087,0.282,0.110,6.79,0.0000
1373,0,0.007,0.082,0.003,-0.08,1.0000,0,0.020,0.140,0.027,-0.14,1.0000
1374,0,0.023,0.151,0.010,-0.15,1.0000,0,0.027,0.161,0.063,-0.17,1.0000
1375,0,0.010,0.100,0.030,-0.10,1.0000,0,0.100,0.311,0.177,-0.32,1.0000
1376,1,0.020,0.140,0.017,6.99,0.0200,2,0.150,0.393,0.203,4.70,0.0133
1377,0,0.000,0.000,0.010,nan,1.0000,0,0.030,0.171,0.033,-0.18,1.0000
1378,0,0.020,0.140,0.020,-0.14,1.0000,0,0.057,0.232,0.040,-0.24,1.0000
1379,0,0.003,0.058,0.000,-0.06,1.0000,0,0.020,0.140,0.033,-0.14,1.0000
1380,0,0.337,0.564,0.333,-0.60,1.0000,0,0.507,0.696,0.767,-0.73,1.0000
1381,0,0.013,0.115,0.007,-0.12,1.0000,0,0.153,0.379,0.090,-0.40,1.0000
1382,0,0.010,0.100,0.017,-0.10,1.0000,1,0.060,0.238,0.107,3.95,0.0600
1383,0,0.010,0.100,0.000,-0.10,1.0000,0,0.010,0.100,0.037,-0.10,1.0000
1384,0,0.010,0.100,0.010,-0.10,1.0000,0,0.030,0.171,0.013,-0.18,1.0000
1385,0,0.020,0.140,0.010,-0.14,1.0000,0,0.053,0.225,0.103,-0.24,1.0000
1386,0,0.007,0.082,0.017,-0.08,1.0000,0,0.097,0.307,0.100,-0.31,1.0000
1387,0,0.000,0.000,0.000,nan,1.0000,0,0.020,0.140,0.020,-0.14,1.0000
1388,0,0.013,0.115,0.003,-0.12,1.0000,0,0.047,0.211,0.033,-0.22,1.0000
1389,0,0.000,0.000,0.000,nan,1.0000,0,0.013,0.115,0.027,-0.12,1.0000
1390,0,0.160,0.402,0.287,-0.40,1.0000,0,0.323,0.566,0.477,-0.57,1.0000
1391,0,0.010,0.100,0.030,-0.10,1.0000,0,0.137,0.398,0.063,-0.34,1.0000
1392,0,0.007,0.082,0.007,-0.08,1.0000,0,0.040,0.196,0.047,-0.20,1.0000
1393,0,0.000,0.000,0.000,nan,1.0000,0,0.010,0.100,0.007,-0.10,1.0000
1394,0,0.003,0.058,0.013,-0.06,1.0000,0,0.010,0.100,0.023,-0.10,1.0000
1395,0,0.003,0.058,0.013,-0.06,1.0000,0,0.040,0.196,0.070,-0.20,1.0000
1396,0,0.007,0.082,0.013,-0.08,1.0000,0,0.057,0.246,0.113,-0.23,1.0000
1397,0,0.003,0.058,0.003,-0.06,1.0000,0,0.020,0.140,0.037,-0.14,1.0000
1398,0,0.003,0.058,0.010,-0.06,1.0000,0,0.033,0.180,0.017,-0.19,1.0000
1399,0,0.003,0.058,0.003,-0.06,1.0000,0,0.010,0.100,0.007,-0.10,1.0000
1400,2,1.797,1.357,3.550,0.15,0.5433,2,0.877,0.955,3.310,1.18,0.2267
1401,0,0.260,0.497,0.407,-0.52,1.0000,0,0.543,0.746,0.890,-0.73,1.0000
1402,0,0.207,0.452,0.333,-0.46,1.0000,0,0.250,0.492,0.623,-0.51,1.0000
1403,0,0.033,0.180,0.103,-0.19,1.0000,0,0.090,0.309,0.143,-0.29,1.0000
1404,0,0.067,0.263,0.143,-0.25,1.0000,0,0.060,0.252,0.257,-0.24,1.0000
1405,0,0.143,0.351,0.487,-0.41,1.0000,0,0.210,0.455,0.860,-0.46,1.0000
1406,0,0.357,0.545,0.397,-0.65,1.0000,0,0.487,0.691,1.117,-0.70,1.0000
1407,0,0.057,0.232,0.110,-0.24,1.0000,0,0.207,0.437,0.350,-0.47,1.0000
1408,0,0.210,0.490,0.263,-0.43,1.0000,0,0.187,0.461,0.350,-0.40,1.0000
1409,0,0.013,0.115,0.100,-0.12,1.0000,0,0.100,0.322,0.190,-0.31,1.0000
1410,0,0.820,0.862,0.943,-0.95,1.0000,0,0.607,0.762,1.230,-0.80,1.0000
1411,0,0.057,0.246,0.047,-0.23,1.0000,0,0.263,0.485,0.450,-0.54,1.0000
1412,0,0.033,0.180,0.027,-0.19,1.0000,0,0.143,0.370,0.313,-0.39,1.0000
1413,0,0.013,0.115,0.020,-0.12,1.0000,0,0.077,0.279,0.130,-0.28,1.0000
1414,0,0.020,0.140,0.043,-0.14,1.0000,0,0.050,0.218,0.190,-0.23,1.0000
1415,0,0.007,0.082,0.053,-0.08,1.0000,0,0.107,0.320,0.270,-0.33,1.0000
1416,0,0.053,0.225,0.040,-0.24,1.0000,0,0.213,0.457,0.297,-0.47,1.0000
1417,0,0.007,0.082,0.010,-0.08,1.0000,0,0.043,0.204,0.103,-0.21,1.0000
1418,0,0.020,0.140,0.020,-0.14,1.0000,0,0.070,0.268,0.083,-0.26,1.0000
1419,0,0.000,0.000,0.003,nan,1.0000,0,0.033,0.180,0.013,-0.19,1.0000
1420,0,0.130,0.347,0.247,-0.38,1.0000,0,0.227,0.479,0.660,-0.47,1.0000
1421,0,0.003,0.058,0.010,-0.06,1.0000,0,0.083,0.289,0.140,-0.29,1.0000
1422,0,0.007,0.082,0.013,-0.08,1.0000,0,0.057,0.246,0.087,-0.23,1.0000
1423,0,0.007,0.082,0.003,-0.08,1.0000,0,0.040,0.196,0.020,-0.20,1.0000
1424,0,0.000,0.000,0.000,nan,1.0000,0,0.017,0.128,0.043,-0.13,1.0000
1425,0,0.010,0.100,0.003,-0.10,1.0000,0,0.037,0.188,0.130,-0.19,1.0000
1426,0,0.013,0.115,0.003,-0.12,1.0000,0,0.057,0.232,0.143,-0.24,1.0000
1427,0,0.000,0.000,0.007,nan,1.0000,0,0.017,0.128,0.040,-0.13,1.0000
1428,0,0.000,0.000,0.007,nan,1.0000,0,0.010,0.100,0.047,-0.10,1.0000
1429,0,0.000,0.000,0.000,nan,1.0000,0,0.007,0.082,0.020,-0.08,1.0000
1430,0,0.127,0.333,0.363,-0.38,1.0000,0,0.173,0.405,0.920,-0.43,1.0000
1431,0,0.000,0.000,0.013,nan,1.0000,0,0.080,0.272,0.127,-0.29,1.0000
1432,0,0.000,0.000,0.017,nan,1.0000,0,0.023,0.151,0.087,-0.15,1.0000
1433,0,0.000,0.000,0.000,nan,1.0000,0,0.010,0.100,0.037,-0.10,1.0000
1434,0,0.000,0.000,0.010,nan,1.0000,0,0.007,0.082,0.043,-0.08,1.0000
1435,0,0.013,0.115,0.017,-0.12,1.0000,0,0.003,0.058,0.197,-0.06,1.0000
1436,0,0.010,0.100,0.017,-0.10,1.0000,0,0.063,0.257,0.233,-0.25,1.0000
1437,0,0.000,0.000,0.003,nan,1.0000,0,0.023,0.151,0.060,-0.15,1.0000
1438,0,0.007,0.082,0.007,-0.08,1.0000,0,0.020,0.140,0.030,-0.14,1.0000
1439,0,0.003,0.058,0.000,-0.06,1.0000,0,0.017,0.128,0.023,-0.13,1.0000
1440,0,0.517,0.706,0.513,-0.73,1.0000,0,0.400,0.639,1.053,-0.63,1.0000
1441,0,0.017,0.128,0.033,-0.13,1.0000,0,0.193,0.436,0.190,-0.44,1.0000
1442,0,0.020,0.140,0.017,-0.14,1.0000,0,0.080,0.284,0.110,-0.28,1.0000
1443,0,0.003,0.058,0.003,-0.06,1.0000,0,0.020,0.140,0.023,-0.14,1.0000
1444,0,0.017,0.128,0.003,-0.13,1.0000,0,0.027,0.161,0.057,-0.17,1.0000
1445,0,0.010,0.100,0.017,-0.10,1.0000,0,0.070,0.256,0.207,-0.27,1.0000
1446,0,0.043,0.220,0.017,-0.20,1.0000,0,0.150,0.402,0.233,-0.37,1.0000
1447,0,0.000,0.000,0.003,nan,1.0000,0,0.047,0.211,0.047,-0.22,1.0000
1448,0,0.013,0.115,0.013,-0.12,1.0000,0,0.070,0.256,0.067,-0.27,1.0000
1449,0,0.000,0.000,0.010,nan,1.0000,0,0.007,0.082,0.040,-0.08,1.0000
1450,0,0.463,0.714,0.417,-0.65,1.0000,0,0.330,0.550,0.740,-0.60,1.0000
1451,0,0.017,0.128,0.010,-0.13,1.0000,0,0.140,0.375,0.137,-0.37,1.0000
1452,0,0.010,0.100,0.017,-0.10,1.0000,0,0.010,0.100,0.060,-0.10,1.0000
1453,0,0.007,0.082,0.003,-0.08,1.0000,0,0.017,0.128,0.027,-0.13,1.0000
1454,0,0.003,0.058,0.013,-0.06,1.0000,0,0.017,0.128,0.040,-0.13,1.0000
1455,0,0.010,0.100,0.033,-0.10,1.0000,0,0.040,0.196,0.120,-0.20,1.0000
1456,0,0.023,0.151,0.010,-0.15,1.0000,0,0.073,0.286,0.130,-0.26,1.0000
1457,0,0.003,0.058,0.003,-0.06,1.0000,0,0.023,0.151,0.023,-0.15,1.0000
1458,0,0.027,0.161,0.007,-0.17,1.0000,0,0.023,0.151,0.030,-0.15,1.0000
1459,0,0.000,0.000,0.003,nan,1.0000,0,0.017,0.128,0.010,-0.13,1.0000
1460,0,0.077,0.279,0.130,-0.28,1.0000,0,0.153,0.405,0.337,-0.38,1.0000
1461,0,0.000,0.000,0.007,nan,1.0000,0,0.030,0.171,0.067,-0.18,1.0000
1462,0,0.003,0.058,0.007,-0.06,1.0000,0,0.030,0.171,0.050,-0.18,1.0000
1463,0,0.000,0.000,0.000,nan,1.0000,0,0.003,0.058,0.007,-0.06,1.0000
1464,0,0.000,0.000,0.000,nan,1.0000,0,0.007,0.082,0.010,-0.08,1.0000
1465,0,0.003,0.058,0.003,-0.06,1.0000,0,0.030,0.171,0.077,-0.18,1.0000
1466,0,0.003,0.058,0.003,-0.06,1.0000,0,0.020,0.140,0.050,-0.14,1.0000
1467,0,0.000,0.000,0.000,nan,1.0000,0,0.010,0.100,0.013,-0.10,1.0000
1468,0,0.000,0.000,0.000,nan,1.0000,0,0.013,0.115,0.020,-0.12,1.0000
1469,0,0.000,0.000,0.003,nan,1.0000,0,0.003,0.058,0.010,-0.06,1.0000
1470,0,0.263,0.505,0.283,-0.52,1.0000,0,0.157,0.416,0.593,-0.38,1.0000
1471,0,0.003,0.058,0.010,-0.06,1.0000,0,0.053,0.239,0.070,-0.22,1.0000
1472,0,0.020,0.140,0.020,-0.14,1.0000,0,0.057,0.232,0.077,-0.24,1.0000
1473,0,0.000,0.000,0.000,nan,1.0000,0,0.017,0.128,0.013,-0.13,1.0000
1474,0,0.003,0.058,0.003,-0.06,1.0000,0,0.023,0.151,0.003,-0.15,1.0000
1475,0,0.007,0.082,0.017,-0.08,1.0000,0,0.033,0.180,0.117,-0.19,1.0000
1476,0,0.010,0.100,0.017,-0.10,1.0000,0,0.043,0.204,0.097,-0.21,1.0000
1477,0,0.000,0.000,0.000,nan,1.0000,0,0.017,0.128,0.033,-0.13,1.0000
1478,0,0.007,0.082,0.007,-0.08,1.0000,0,0.023,0.151,0.050,-0.15,1.0000
1479,0,0.000,0.000,0.003,nan,1.0000,0,0.010,0.100,0.007,-0.10,1.0000
1480,0,0.147,0.390,0.173,-0.38,1.0000,0,0.183,0.421,0.397,-0.44,1.0000
1481,0,0.007,0.082,0.007,-0.08,1.0000,0,0.053,0.225,0.080,-0.24,1.0000
1482,0,0.000,0.000,0.003,nan,1.0000,0,0.017,0.128,0.057,-0.13,1.0000
1483,0,0.003,0.058,0.010,-0.06,1.0000,0,0.007,0.082,0.010,-0.08,1.0000
1484,0,0.007,0.082,0.003,-0.08,1.0000,0,0.000,0.000,0.033,nan,1.0000
1485,0,0.003,0.058,0.013,-0.06,1.0000,0,0.017,0.128,0.057,-0.13,1.0000
1486,0,0.003,0.058,0.023,-0.06,1.0000,0,0.033,0.198,0.043,-0.17,1.0000
1487,0,0.000,0.000,0.010,nan,1.0000,0,0.013,0.115,0.033,-0.12,1.0000
1488,0,0.003,0.058,0.000,-0.06,1.0000,0,0.017,0.128,0.023,-0.13,1.0000
1489,0,0.000,0.000,0.007,nan,1.0000,0,0.010,0.100,0.010,-0.10,1.0000
1490,0,0.097,0.296,0.200,-0.33,1.0000,0,0.140,0.357,0.310,-0.39,1.0000
1491,0,0.003,0.058,0.003,-0.06,1.0000,0,0.037,0.188,0.037,-0.19,1.0000
1492,0,0.000,0.000,0.010,nan,1.0000,0,0.020,0.140,0.043,-0.14,1.0000
1493,0,0.000,0.000,0.000,nan,1.0000,0,0.003,0.058,0.013,-0.06,1.0000
1494,0,0.003,0.058,0.007,-0.06,1.0000,0,0.000,0.000,0.007,nan,1.0000
1495,0,0.000,0.000,0.003,nan,1.0000,0,0.020,0.140,0.057,-0.14,1.0000
1496,0,0.000,0.000,0.003,nan,1.0000,0,0.030,0.171,0.063,-0.18,1.0000
1497,0,0.000,0.000,0.000,nan,1.0000,0,0.007,0.082,0.007,-0.08,1.0000
1498,0,0.003,0.058,0.000,-0.06,1.0000,0,0.013,0.115,0.023,-0.12,1.0000
1499,0,0.000,0.000,0.000,nan,1.0000,0,0.003,0.058,0.007,-0.06,1.0000
1500,1,0.930,0.991,1.777,0.07,0.5967,1,0.413,0.630,1.920,0.93,0.3400
